clientAddress,first_block,last_block,total_feedback,active_span_blocks
0x0050716e37bc77e6cfc7827d91c84beae923504e,24361276,24361276,1,0
0x00d69eaf25a939a2e8db6238c9ea055ca9633571,24492530,24492545,2,15
0x00fc3e85cbf336058e8a4fab86c392533c9f2752,24361148,24361148,1,0
0x015861aa53850b6b6bc96ce15ddbb96fe653af62,24361104,24361104,1,0
0x0171a8ce564573b834ebf7f5028cd3ab7641736a,24361392,24361392,1,0
0x017dea1c897cf59dec2a00e19e0c4ad32d0d8d7c,24346727,24346727,1,0
0x0196656b3ab87029e66e186cec3685000b00b2bb,24373435,24448112,3,74677
0x01b643ec625bdb35eb84142b26a641169bfe1ee8,24347634,24347634,1,0
0x01e2df20fd03cc201ce96397a2e123ec68d50c7d,24347584,24347584,1,0
0x0266cbdfdc09a48fb2c8e4803371e9dff343e68c,24342286,24342286,1,0
0x02beaa0aa347734069aeec5210f3d0da955000c1,24361364,24361364,1,0
0x02c762a8d9f8df0cecc237a7e3125dc15c2f98c9,24347675,24361183,2,13508
0x02db169c78de0898cdc0531bc0e88df0e891f745,24494141,24494141,1,0
0x0326cc8c9dcdebcad35e64098fdf9bad81436499,24347621,24347621,1,0
0x0394ceb38c1e1b628a3ce21140e085c8850da4a5,24361310,24361310,1,0
0x04257864af2a53f9a0c3fec5908dfe5b9a3345c6,24347694,24347694,1,0
0x04e43778b44d78988f7f26d496417d8ef5c3d423,24361233,24361233,1,0
0x04e881af3586f670574a8b6672f0602b459fdf83,24361199,24361199,1,0
0x0541b20a575347d0b78eda60b575105540530535,24347659,24361158,2,13499
0x076775d9d67f39190a6c5655f23c6537f5ff1b00,24343100,24385837,6,42737
0x07a116b185c2cf607ea1ee0f20915f1739a10877,24361277,24361277,1,0
0x082c15ded2d8ba0950ebc690a85c08d873778312,24396057,24396057,1,0
0x084b2bc5d196b095edf713ef50f8cbc3aa13ebe0,24346858,24346858,1,0
0x089ed226a36499eff64b71d0ced520c7605f6056,24347150,24347150,1,0
0x08aaf563d325c72e7deccfe6497b2598263525be,24361148,24361148,1,0
0x09310046ee674ac90c0174f0f5f78d92de143b29,24347698,24361236,2,13538
0x095dd36b382740cbf7ed27ea2f53b2ccdced0e2b,24346336,24346344,2,8
0x0aab51d06651b55bb1ee4fc5625f632a0e8731a6,24347707,24347707,1,0
0x0ab0c55443639c5d3a71607fcf96813e93a7bce5,24361276,24361276,1,0
0x0ab8ce596f88067a9948dc0af850167fc7454f49,24347751,24347751,1,0
0x0ad02bde60fa40fd64f288670ccc09579b69e7bd,24383908,24383908,1,0
0x0b9e846bc1bb212a20e2a57e9628fd18f640a05c,24396055,24396055,1,0
0x0bd89d50ae8067aaf882428330288014d1858ec7,24348235,24358076,11,9841
0x0c1b2c659588a99f3c04b33c63a923a52818f1a2,24364544,24364544,1,0
0x0c4b137c237931ba7429fbd17367546136dbb662,24361310,24361310,1,0
0x0d3373101541fd3a6806833dc5f547a6ee3b669d,24345678,24345678,1,0
0x0daa32736d672df0e35a9b43c093169fce7b267d,24344688,24344688,1,0
0x0dfad89ab6bb91897f26b4353c2d051b457b18e2,24342437,24342437,1,0
0x0e3dff2718ededa1599cc09ccdf0b31ad2237e11,24361192,24361192,1,0
0x0e8ae3fb479192ccc294be535e8d49151bbf4920,24347614,24361118,2,13504
0x0e9c7364e5af77bf72273fda5b06d8606bd3f723,24361148,24361148,1,0
0x0eacda5a36fba2d4dada0b4c71f52bb8148a3bd5,24484357,24484367,2,10
0x0ebba5c1a7aefb822e2576d1d0391683f3c6f4f1,24423107,24423109,2,2
0x1056232ff9eef40dd08fa746400e2527d3d3e734,24494447,24494447,1,0
0x1117ba404a57af8d5b902e86226ef3f17eb2eaa7,24347623,24347623,1,0
0x11adbc1b3fd5cb5f29b0052b4affe725645b5e4c,24360227,24360227,1,0
0x121e33197fa468de29e294e66be1a72e89a8472e,24345453,24345453,1,0
0x129727854be08c0e195383043d6bd5bc1810ff15,24345558,24345558,1,0
0x12a5f14360e82c8c06fccabe60ed0cc096aba5fe,24587749,24587754,2,5
0x130e90223aa47b1a046cbb1f6f27ea98e139ee30,24480324,24601523,377,121199
0x137c46304cc4593065e9832aa2dab7c698db4d97,24347754,24347754,1,0
0x13a6d4b1daf00b8cc466179175550222b2719be7,24448171,24448174,2,3
0x13ad7bf04aa7215a76a5c713a85b20b97773747f,24361148,24361148,1,0
0x13cf0934354939a411c0db6581505f7d1ad6639a,24347334,24347334,1,0
0x13d15fad32572109e448fe51e06c86a58287aad1,24348965,24348965,1,0
0x14ad5c32f05cec8cc84c5ca09047f4d7745f4740,24361234,24361234,1,0
0x153babf753e306e27861fcc33a56ae015d5c739c,24361310,24361310,1,0
0x15b98aba3b7d469fc00c5cc6a59cb8ff350b4e17,24348866,24348866,1,0
0x15cf1a1bdb9d66ec90cd507cbc38422700e69bf1,24344625,24344625,1,0
0x16f5fda2f7829690d4bdc93286493b9bec1bbb4d,24371313,24415351,2,44038
0x17938a28b82802d1dd71ad978a3c608995b59c72,24347776,24347776,1,0
0x17e3af3775d5c31edf333670c203a210633cbaa5,24574293,24574293,1,0
0x18194459186272fe99a8552bb14957f9e61d1876,24361147,24361186,2,39
0x19e21db3abb299da0873760030b2269b4f8195f1,24348402,24348402,1,0
0x1a0b8eb610ed3489b577892950bb6be36358167d,24357048,24357048,1,0
0x1a74a30b47bd9e02d4d1f9c9f37d2a3c61abae48,24430684,24430684,1,0
0x1b46240e0c6291078a9fb46ffe01f232c231ce8b,24361092,24361092,1,0
0x1b609cf7a9dc0c2f7d5f7c7e9882f37f30d86dd8,24347618,24347618,1,0
0x1b7a70c7d5a906f72f7e4d129a44208500af5935,24343307,24343307,1,0
0x1bde2318543a0bd97da915e0c33470636b0aa2c7,24361277,24361277,1,0
0x1ca4dffbc890ee331d9ec5b61ea6dc3c154ffb2a,24347744,24347744,1,0
0x1d23f14f6605c97a87734ef3c3ad7f39d5336b7c,24347450,24347751,2,301
0x1d689b04a91aaf5dc405e6f9a9b0c072982dcdc4,24471883,24471959,39,76
0x1d6ce8d47d5e910083f15fa629b940092499832e,24347624,24347624,1,0
0x1da271bf0cf36ac3409861d9d909262cfe6bfc69,24361167,24361167,1,0
0x1e0e1e9fecef3b945dbb61ae61d27333c1b3acc8,24347619,24361205,2,13586
0x1e2aaf59f027c71fd047bbfe7e0ebe06a9b18a04,24342382,24344002,3,1620
0x1e7b413f1d5f0be67f8e5e0ee0e515f46e462bd0,24347527,24347527,1,0
0x1ebf9bb2d611dd4e8ed42a4c3face536c4fb2c5d,24342633,24342633,1,0
0x1f2e3a299715c95ad85721ed314543144ca65c89,24375434,24375464,3,30
0x205b5285c8a84eb5b5930af4437f0d66fd7c9ad4,24361148,24361148,1,0
0x20c9b455dc5ef23fe7fd40c7c653c54df038ddad,24347642,24347642,1,0
0x210bfc72056842cb32f141aa5d984a7a98e2f110,24347705,24347705,1,0
0x212b06ee3afaab82c8d1efd2177845f2fa3d6e49,24349398,24349398,1,0
0x213eaae57372a8a883a0850492ef1ee4b2865b74,24347451,24347752,2,301
0x22e7061e09176d6097092948e82858c063dd818e,24348269,24348269,1,0
0x23210ce071f2e1c0ac8deb6b2ff27e645fd727d7,24347635,24347635,1,0
0x232cebb2b68b72eee1b4459dc912a573d80d9854,24345616,24345623,2,7
0x232eddf9b407ea1477c212ac4c5ca806ad1d3671,24347623,24347623,1,0
0x23921a5e69061ada40c56b5c446d0a6005cb6ea3,24355784,24355784,1,0
0x24bd40decdf5a4c5b8960f6ed35d24ed851a740c,24347619,24347619,1,0
0x24ed5ca2bfd575df34cb56e46ebd88d2e80b3eac,24342375,24342375,1,0
0x260815d4aa2a2fffcf0f8eb72194f14ac080a1df,24347701,24347701,1,0
0x2636d9f1604b8e3aa4e004085706ad67c81c8d5d,24342554,24342554,1,0
0x2674d6578c95e6191cffa2b2c234a2bba626a323,24347684,24361202,2,13518
0x26c397bb1abcfcc3155cfebf1687a6e784cba811,24342514,24342514,1,0
0x26f06c75eaaba41c5f52a196d6bd5065596f7f3f,24346461,24346461,1,0
0x271a67f6c0a10bea9843c84c23bbcaa2b5d64273,24347823,24347823,1,0
0x273ca4028abc050d8b6edf2fd5b9bc25d26845be,24346582,24346582,1,0
0x2757ab6586c6b11af657746a6e502523fb167b65,24342688,24342688,1,0
0x2831c0338cc1b60eb4b23e1b3dc3c1da44b86a33,24361233,24361233,1,0
0x285263eb8f323807162ecbdec7ed20ac66f60985,24344665,24344665,1,0
0x28b58dd72761e66f73867cd6610156fa051882cc,24361203,24361203,1,0
0x293ba51b1c75914d3412785d65bf1c34e48ed93d,24344124,24344124,1,0
0x29fdf7915f198dc728247582f3882b3b6a87b6e0,24347805,24347805,1,0
0x2aab9d90d9438fdcb02ed419844e96b04ebb876a,24343242,24343332,2,90
0x2aba080b1ff770256cebd5344694865cc218e0b5,24347704,24347704,1,0
0x2ae94bb28ab2f54c03a1a05c73623549b9a93ef7,24415442,24415442,1,0
0x2c0738b2a76f503497c9a994728056110a768756,24348196,24358234,10,10038
0x2c2057ede2aba3eca467988854bf3f756f8eda26,24361223,24361223,1,0
0x2d3cd6a4642850c970de07f957a09962829bf177,24364505,24593149,2,228644
0x2d7af2d3a439e9e837532076d57576ac8c3b3f13,24342771,24342771,1,0
0x2d9c94d1ad2878ed419b0258375d5cf2f84aac7a,24342135,24342135,1,0
0x2d9eaf1874eb27cf8517b688d8ab3e1ec7591ce6,24342387,24342387,1,0
0x2e37e821f03d3819595ed16ba39bfbe04ce89d7b,24347616,24347616,1,0
0x2e547ad1ffcf46b2290cfeb574d638b33b3072f9,24350466,24350466,1,0
0x2eae6e14dcebb35e2ae83b8d2c128f10d0b0a128,24574266,24574266,1,0
0x2f03e6070eb8190221503081833bdb96a6411e3f,24361277,24361277,1,0
0x2fa385b8cfef2f3a5f54ece7b267d7445ad47253,24344146,24344146,1,0
0x2fba95b6075c507f98caa7c45ae37ed1c6e0fa47,24395947,24395947,1,0
0x30d23c78cd271250a404af33279df8372facdfd8,24531441,24531441,1,0
0x30f7fa697baf566033ca99064ca4fcc91946e2fb,24347759,24347759,1,0
0x3129ca62c47938c205a9acfee8a242fc76005656,24488664,24488664,1,0
0x3294e282f278872f8bb604b393eb0635ef918936,24347644,24361154,2,13510
0x333920604e5548ca3f145c77dd03273a51a307f4,24361148,24361148,1,0
0x33e4177d04b23862489c5adf2549c2b838ababd0,24396037,24396050,2,13
0x34630a13477d49ce72e87d28dc7808e77f3bf131,24532307,24532312,2,5
0x3488ae20e77be83bab8043ea1c191b6feb1050aa,24347190,24347190,1,0
0x34df80f78f2c35f7be498485c05172e4f2b0c36b,24408852,24408860,2,8
0x34e4a66cc19ccc1171ca7df99a0dfb8e67b49a5e,24346548,24346548,1,0
0x35323cacbcda558ad98aa2df70cacffdeec9814b,24599332,24599332,1,0
0x35766be7fa027f26717b3b4b4faf2ae7fe2ec26a,24342250,24342250,1,0
0x35eccece2ad47aca74cc4e3630f7ed30804b8a04,24361239,24361239,1,0
0x360d4ffaa6dc1a0e137cc553eb78722e7f2a1cde,24350706,24350706,1,0
0x360f8c349d96582e79fe04a464081e5b335241a3,24347312,24347312,1,0
0x36d9d0cd8086bcb7fe36977d03db0e85ffc04069,24361158,24361158,1,0
0x36f50c8c7e5c8c59abe5e5d1202b3ea4a7c859ef,24345194,24345194,1,0
0x3700148cbfbdd60885d4b5a16992b285670062b4,24352083,24354563,2,2480
0x373f3f3a2a3f3d327d0187c47a59116003e87a26,24342900,24342900,1,0
0x3752aca27576bc341446eaf3ce5d60b79c1c0085,24348396,24348425,2,29
0x3820e04f4d00a06338b66e9a1c67bc13b7d069d5,24342492,24342492,2,0
0x38df34244db276d37ccbc3fbb5bf860de6078605,24361364,24361364,1,0
0x38e6e8dc1d6ae329898ef96e2aec352471c290c1,24386901,24386901,1,0
0x3a308ae29b79375d89720d3b6c3239d15adb1bd9,24396081,24396081,1,0
0x3a4251b917d0561409385fe4fd54ca22823f5cf9,24361180,24361180,1,0
0x3aa81ac8b6c9f819d26eb80f1613d8683e8b902a,24368399,24368512,2,113
0x3ae1a47bdc30e40893fcaf934ec8bca97092a7a9,24347767,24347767,1,0
0x3bc7f6fac1216a4b536e52e95daebc793709e4f0,24350463,24350463,1,0
0x3c282495fff754f767121fa484e069cca5b30cc4,24345536,24345536,1,0
0x3ceddc7882239ef1f5a373977381d8ff1c3ff437,24390135,24390135,1,0
0x3efe751396e489cccd31a95ff736634c90795b99,24371297,24371297,1,0
0x3f17e300e5289fb5e0cada464dcf69705968da3f,24406422,24406422,1,0
0x3f7b0e42fdaf3f41339bc4338634136df337c36d,24342951,24342951,1,0
0x40320711ae058308e4b1d62cb003b3b45b9dc590,24344412,24344412,1,0
0x41e35a6cf67bbecd5401f1152ccfb8ac9170d9d5,24344819,24344819,1,0
0x41fa89cd020b2fa43561f03a87e5d80d1bbe95ad,24361365,24361365,1,0
0x42392e46a5ef600d36782f69edd02d4e41d45e3d,24352959,24353183,2,224
0x424f51edae3d13507ce22977f3a2bba7dc71096f,24552223,24552230,2,7
0x42e9c498135431a48796b5ffe2cbc3d7a1811927,24371141,24371141,1,0
0x4323a085b26d82f24c0b64e8f984615933644c28,24361218,24361218,1,0
0x43269683aca01b9b264dca7e33d58fdc20d4f846,24497423,24497423,1,0
0x440cf46444c5431f7690252f946816272f9cf73a,24347772,24347772,1,0
0x4535dcea9e9f51046c075184732ef42dd38f6cbd,24396067,24396067,1,0
0x463bf20dbb493fddfb4dbc6087281baa0afe3206,24345606,24345606,1,0
0x46827c4d524e45c9f8096a00e4b4c245671c2a0c,24367227,24367227,1,0
0x46946123ea638cb01020cf319270875b0b82baff,24348180,24358097,9,9917
0x476fff09a555c223e98c1e8571676fcca7af9849,24342432,24342432,1,0
0x47d0b4523b3e0a97662d3b75d711ccdb48791961,24342677,24342677,1,0
0x47e8df9a7a7203522bfccd54752b0d384223b2df,24347452,24347752,2,300
0x489a07d82458c8cfe26dd348ac83614f73deb97f,24346118,24346118,1,0
0x4923d7a718757ce9d63c051fe7ab35881faa08db,24361365,24361365,1,0
0x4930ebbc5a8a9c63a021f33714867cac0339783c,24342346,24342398,6,52
0x49389605c62bad5d5f27cd1558adae2706291e55,24343039,24343039,1,0
0x498c23424b7a97f54c09d0d4b2b532dc941ab046,24347262,24347262,1,0
0x4a3b6301064384ad6b68dc123b2a7ba859094647,24361178,24361178,1,0
0x4a6370dc13a9a5e63bd4edaa15bbfbf3438f82a5,24371019,24371025,2,6
0x4aab484913fefe0b14c3861824d6431b2965a279,24347747,24347747,1,0
0x4baacf01a842097f1cbbe573b0c77ad7aa9fa3cc,24442592,24442592,1,0
0x4bcf16007b058a874dd0c8a57c69eced5f2a2aae,24346965,24346965,1,0
0x4bfd3d74b8113a76cfe700de24b165acb1e2e416,24347656,24347656,1,0
0x4c124cf3aa24b0b49f549ea8cef682ff03410dfc,24361365,24361365,1,0
0x4c130d21571b841a08f2551d1db42d828bc0cff3,24361364,24361364,1,0
0x4c54359ad17c0372555674fe6f37607c058deb8b,24347068,24347068,1,0
0x4da03bac6a00db44ae93dbef75f49a7c11405f22,24348219,24358070,10,9851
0x4dcf0dc59320adc3facf21fd838815f54084cc6b,24342555,24342555,1,0
0x4de59361910c2147f4b9f16cbdd0668686c58c85,24345572,24345572,1,0
0x4e3c49c6a11b511e7177a296cd8ca09bf312aff1,24361158,24361158,1,0
0x4e9f0dc77c6ca253294f4a73d96a5d7179302fba,24344105,24344105,1,0
0x4ea0b92fd24eb89988c33de77c69e3477df709f9,24353439,24353460,3,21
0x4ebbc9fc8d1f6c971f3d25f96686a937d02cab21,24361227,24361227,1,0
0x4edad8b40c35ae856a84623bddab0ad528f51250,24361203,24361203,1,0
0x4ee18c7dc19e9e9c7d4bdddf58d8710e40fec8e1,24361198,24361198,1,0
0x4f78d80018b8a633b47801e593fa919637d553a6,24361260,24361260,1,0
0x4ff0a14f5c6332f54a506633256deef54ae18cba,24347686,24347686,1,0
0x51a595341ade2a3aa6619aaf4da66124b1dc8580,24348354,24348354,1,0
0x51b850e7eafaf8ab7c07532009608880f1599b2e,24361234,24361234,1,0
0x526b6f4a69d58bda10a1c35c2996864fbfe107dd,24488650,24488650,1,0
0x528164b47415942348a04fe21159409d4fbfdc7f,24347426,24347426,1,0
0x52ce108ae72712929fd2b8c6177a9b39e0ccf644,24472185,24472200,2,15
0x52fb650367491de03b1bce45750ee32f5a90d260,24374002,24374002,1,0
0x533d4d59ede3088c4f58616ddd6eeea721d671f2,24345136,24395992,2,50856
0x534bd92fe6bef30660477c9c49ab5090346cf200,24341987,24341987,1,0
0x5420bf1d480c9943dba2f74cc47b2d5a06ece5ce,24498497,24498497,1,0
0x54aa55f74acd49c64549dc83c9a6a9c2c09f38c1,24347709,24347709,1,0
0x54e35c780d02b76bbff3f3863ba096e94a55de18,24359646,24359646,1,0
0x551b775e337d11042b4a51cbe572dd6b857dd090,24374713,24374713,1,0
0x56b1b8bc731e81d6cd343d46f4092b996f630a9a,24347086,24347086,1,0
0x570eaef2e2f00bcdd45d6aa0806b0fa3112fce9d,24390165,24390165,1,0
0x57d56837bba8d2214303b4fc3de3226dcb6d73d5,24347762,24347762,1,0
0x57e043f2b8f7005e5f4ad88339db1b3212e8264c,24342540,24342540,1,0
0x5829c852708209fb0895269653c265f50afe9155,24345607,24345607,1,0
0x584d1eda25a1ed6504fe8ac73196b23fe3eaade0,24361236,24361236,1,0
0x58c0b91c74ec793ae30b3caf1e5134a102a5b838,24361277,24361277,1,0
0x590718ff4f60f3afe1a4fcabd50cf7c31f95fecb,24361310,24361310,1,0
0x590fd18ad67bdb7b947e3156ed20214c061e561f,24343890,24344015,3,125
0x59da701f22448b8fbc07faacf3342d1d20714018,24347702,24347702,1,0
0x5a12c2b69f671494e0f81bcd49e419228376a932,24347394,24347394,1,0
0x5a1fe122e61d388237bd035737b04919d13d1105,24358398,24358398,1,0
0x5aafd21db965587622963f05713d088bd62a76f1,24348191,24358238,11,10047
0x5ac69c26a15cfaaeb066043dcc932f7d01faf182,24342232,24342232,1,0
0x5af5165b85b9885969eede525963cf726b83b540,24347614,24347614,1,0
0x5e1d8c434f166491cbcec8db52456fddffe781c4,24389266,24389266,1,0
0x5e9c05b697b859dd6230652eff3a24ac70a42e5d,24348295,24358248,11,9953
0x5ee75a1b1648c023e885e58bd3735ae273f2cc52,24446908,24446978,2,70
0x5f28f05d5f79e2d702de2c620554bf99adb19127,24386971,24386971,1,0
0x5f2e87c8460b9bae8bfc8b46c162ac5493781bf5,24343437,24343437,1,0
0x5f3775be99d6e48837f846b42e7df948840b81e3,24342738,24342738,1,0
0x5f57fbff58d1e10e49c750bc79078fceb5ceed96,24347819,24347819,1,0
0x5f91e2ada207e36f89af266a4086c7b80c836446,24361365,24361365,1,0
0x5fd8fc6443d060639b4d4ea7b5867b091cb77656,24347453,24347752,2,299
0x5fd9b0b7e15b4d106624ea9cf96602996c9c344d,24345270,24345270,1,0
0x60cc629f4404b7330a61de97cc15fa9e644a1797,24347411,24347411,1,0
0x61704ad66872a0a64c8bcf8425493799698cbcbe,24361127,24361127,1,0
0x6280853e068e596a9f445cf82c78082f08a9d184,24388793,24388793,1,0
0x63411e846b4aec248fae7728afc2ff23986b732f,24484379,24484379,1,0
0x635843f9914d17b3b33f2961052f8b19c5760eed,24342443,24344000,3,1557
0x6446ad9821021eeb9f85b8a18b0153d58166d161,24350737,24350737,1,0
0x645fa8a4eb45090e0f1eea326b63ae497d164ae7,24361245,24361245,1,0
0x64782538bc421fbb73bf4c7b444b774ef8c04b5f,24347701,24361270,3,13569
0x6498d6a3a9c0c0087f4677777ed61ba24c70fe1c,24361310,24361310,1,0
0x64b0a68cf0cfddd2a7a1222590fae5634438042c,24361256,24361256,1,0
0x64bead962c501e961833621ca5d9209231ccdff8,24348227,24358244,10,10017
0x65765fcfd838fdafe60b571de339ac004e4cc56e,24361310,24361310,1,0
0x658254824608e30db6fba389a53cb2a657546cf0,24361148,24361148,1,0
0x6673abc9ae2424c28b6779c7cb5d2a50c2a034ce,24415127,24415127,1,0
0x6693298b78faf1606528ed15ec72a52c460bc126,24361158,24361158,1,0
0x66ba06642751b8821c2c51fa8eadacc48ba441d2,24347343,24347343,1,0
0x6700cd7d03237902c2d1cf0a423d1109bbd51969,24347622,24347622,1,0
0x67bcbe602e870e2286c19e4e0044e583967c9665,24371498,24371498,1,0
0x67e933255b3e013b4caaec6a9922d8dfa98d42ec,24361234,24361234,1,0
0x680fdf3cb0f14d9d3f75ab1b1d8eb440507e97b4,24361172,24361172,1,0
0x690ad4d511117cd8ad1f6f1ddf55fb9a5f699ecb,24415374,24415374,1,0
0x6a1d5db3dd156fa60950591189d72fe3e2b3e98e,24361276,24361276,1,0
0x6b414cd457de32c4dae7d65c57e168565d8c0033,24342706,24342706,1,0
0x6bb03dd070b36d18718fe75155e0fb85c8364f24,24361242,24361242,1,0
0x6bf2fcbc0761dd63af34fbe09c2be5a45bc33277,24347698,24347698,1,0
0x6ca7788160ae7d9cce61651e2167341f6dcfe904,24361182,24361182,1,0
0x6dbc5eb3a6eb917b09236bef079d1365c625d01b,24531454,24531454,1,0
0x6e1abadb08c93c0ee58e61a6d51dd941c3c03b5d,24348312,24348312,1,0
0x6eb9b0c5bf56f10be7bd7f9665937ba2f650a69c,24371886,24415091,2,43205
0x6eda477882484af6cbc6358a533ec641df3667b1,24347648,24347648,1,0
0x6f3ff71ec4fc5c6ef9121f8e0ce49505a6fcb4e1,24347670,24361176,2,13506
0x6fb4e5f10976d8463c13dfb3779ee7b6f56e9535,24342412,24370337,2,27925
0x6fe336b3d6418bc1cb4d0abae4e20fed821e11a6,24499151,24499151,1,0
0x700f7be094ab1f2ba6f560ee0a8fdd252b314c24,24498342,24498342,1,0
0x705bed4304e237cbb1f29233558c5d74491b5111,24361158,24361158,1,0
0x7068f67961a636ffd4acf92eea58c97a45e5de8b,24347086,24347086,1,0
0x7072719d35b1053cfc333a15720018336768c950,24347048,24347048,1,0
0x70820c2fe6e9e6afce708f5ebdd612492aee0b34,24493528,24493528,1,0
0x7083bd68d9ae68117f6e87511de502324e1c2b39,24346533,24346533,1,0
0x708ba8cd99c7cfecfe9ac58d1a56006c9b3dcdb7,24347581,24347581,1,0
0x70f6160a30d2ab6d218a0482baaed87691ba1e2f,24347785,24347785,1,0
0x71c167e196443cd2394f3a50c74ab4a4a3bdb1d1,24352533,24352533,1,0
0x71f017fa0da7e6145226d6cc9af28c9e615c1346,24488693,24488693,1,0
0x723d7b911da006144d638309748a9a0bf680d119,24343880,24343880,1,0
0x724e4b3b379e17e352f95ef520a19cf3b9905fd7,24350275,24385842,6,35567
0x726421c248fb1845562211d08966fe8578488767,24347802,24347802,1,0
0x726e0b747df0f78a7d8c546b6b34e1ac1e127598,24350735,24350735,1,0
0x73be9e478e6eaffdb1fe59310a6b813e107c9868,24361155,24361155,1,0
0x73cc8571ac294c073db4b0075060cdb27879352c,24359631,24359631,1,0
0x760fa3e313e00b6b668e264f06998beb39ec5420,24346854,24346854,1,0
0x764cc130e8d66a3c1af45b41d57c17eb69f1c141,24345445,24345445,1,0
0x7703531480ca31cf35222ff197fba3db4c7ceb6f,24373772,24373772,1,0
0x772a6c463dce173605aee02659d2621aba6eb952,24348333,24348333,1,0
0x7764574cb5ae4b656d667b7f6a0d397aa147e015,24361263,24361263,1,0
0x77b0b98f87e0e2fc9957b7dbdb497d659dec36c6,24347211,24347211,1,0
0x783be0b3a453e4cffcd2e5141395d44ed3e8ce99,24574314,24574314,1,0
0x79b5f84de5fab4a81ace00e55dadc066cb4cf2f2,24347665,24347665,1,0
0x7a0059a050bd58e5a9bd67695856cbdfa18f4018,24345389,24345420,3,31
0x7d29a10bb6cdb1847d152e1db3d5375ccb76c5dc,24361236,24361308,2,72
0x7d9d1821d15b9e0b8ab98a058361233e255e405d,24342513,24350645,2,8132
0x7d9d6eba648f19e03d06b88667c654cbf0cebdd7,24347816,24347816,1,0
0x7dfe5bd5c559fcabef83a7271356e721ed49c579,24361203,24361203,1,0
0x7e0e4552d4ed7f4b8ba95d98f858a0e356220c0b,24346079,24346079,1,0
0x7ea26db07a79d72cb8708e98256a156684c7e0b4,24347717,24347717,1,0
0x7eb3149e65bebca6f43434c767f35174cbd01d17,24361310,24361310,1,0
0x7f84de91b5cf90b19c35a84be66a53da23daf1e6,24350959,24359541,12,8582
0x7fc4dd306ee13115d92197de25c49a33923691cc,24344029,24344029,1,0
0x800776e5c912c77f568b756081666bab1dc48192,24361112,24361112,1,0
0x80752975a44f3215e51df6939091b562bccf706e,24361148,24361148,1,0
0x821b32046699f2a31b0d06b00a6864750ce722d7,24396064,24396064,1,0
0x8224c0303c587fdadfc2dd22be75c9af74c87008,24371900,24415101,2,43201
0x823cc53e136f602de988bb67e03058a64210482f,24347813,24347813,1,0
0x828af3a6ea8494d4c58376bf0bdaddb4fdcbb2b4,24347781,24347781,1,0
0x82e26e30003542899328ec7bae7977c82342d518,24361397,24361397,1,0
0x831a97e402955efb4c72e96b80490a4e45a1d02c,24342046,24342046,1,0
0x83443910b266757977665bc45d062065e3244169,24396069,24396069,1,0
0x838d1e2e9690d5026cfc57abebc784af4531e87d,24347620,24347620,1,0
0x83e5d0568f7562dbbeb289f6a9b01e9f7fab145e,24347011,24347011,1,0
0x846514fbac6d3b71cabebf19547886fae4b47bf3,24344935,24344935,1,0
0x848896b64964bff98946abb1e7843b22a08a6e63,24353714,24353714,1,0
0x8495f9ebeb3aa7b39b21f6650a1029f54b211d5f,24342485,24342508,2,23
0x855212afe5823fcbf3d92902304c2c55e3e42076,24345132,24345232,3,100
0x85fb135b09be6b9f57b63cf1a3ca2b54ff1fc810,24522567,24522567,1,0
0x870dbd25fd190ddcc824d9ae689a7abb54788ed7,24361158,24361158,1,0
0x87f5700c680b300a9d19dfa42be0f14a7461a58b,24361276,24361276,1,0
0x88315eec4a5e09683c0596ee04c0a1ec6e292969,24359570,24359570,1,0
0x88709675e2d7a2d80277fc3f92b87c0173a5d802,24347708,24347708,1,0
0x88a4811d2a888528c442bb8dec8eb8e2a84d4200,24342098,24342098,1,0
0x88f2f9a4dd1e1b4604f421fcc16535e2056dfb0e,24361203,24361203,1,0
0x890b5fbd7e42874f7458a87f93cd743f06caa017,24348410,24348410,1,0
0x891f0acbdccb6ab697add35abe921267952f717a,24346871,24346871,1,0
0x89343c33821b1d60955a348540eb6fbcbeeb6108,24344832,24344832,1,0
0x89c163d7624186e0f9a3b25efc275b57b9a28022,24342215,24346232,2,4017
0x8a24eaf2fdb93a1b63f9be69292d77a62bc125fc,24348194,24358086,11,9892
0x8a3b6b73f71d0530577729aa8bd7d853b18c1a4d,24582271,24582285,2,14
0x8c9e6e003e9644e9f697d62066d6f55eb193a703,24396052,24396052,1,0
0x8d6a8e982bb3f1efd9b794fc708ea5884abf6607,24347310,24347310,1,0
0x8d72c0b71095d951b2ac27a863977419867da22d,24359554,24359554,1,0
0x8e0d2076a0a2a463bad9ddd8f679acd508f52f0f,24499370,24499370,1,0
0x8f04b808df8776e298e040cf25ef5e9c3084cd0e,24361253,24361253,1,0
0x8f3f3eb660213188a408b369ca3c8d2a38a89aa1,24361193,24361193,1,0
0x8fc642d66492c830da43d95da7fe3f027f4f3246,24347489,24347520,2,31
0x9008f03bbde6bd94c41dbe2f148016de4d7d5004,24361365,24361365,1,0
0x90638cbf812cf7a19705d8586e66269428cce3ac,24448145,24448145,1,0
0x90872f4f373fa502078f84c9870e5a5452b1ac11,24352575,24353115,6,540
0x909b13771c4068e550ea3e04a2437f2ce5f42199,24367372,24367372,1,0
0x91de559f1322b823dd2400263777c2df23bd9e66,24342662,24342662,1,0
0x91e796b259e9011c3f3b73b33fd3f2bf8152fcc5,24347615,24347615,1,0
0x927086cf7e6958fffb65c6fbf811ce506553f651,24355462,24355462,1,0
0x9274abdf6ee915e986e32b6be5ab46d737858483,24344940,24344940,1,0
0x927fe5e080b86dd98004ce72831b037d3196a6f7,24353063,24353063,1,0
0x931dd8758415d2b45481c5516d951163179d08f8,24361158,24361158,1,0
0x93a51cfc89dff4f86c23edad1accaf22c1ca689a,24345088,24345088,1,0
0x93b006fc13b6384cb56a387e4f3971518b3da0d7,24359598,24359598,1,0
0x93b442e6e917e1b00dbd8cbaa9b8b8ad926c237b,24347707,24347707,1,0
0x94a0ef26186698f2431c6b47ff87bc2a8497fb2f,24361310,24361310,1,0
0x95ab794536b278591eb590f6c870d057b3e76a17,24488640,24488640,1,0
0x95c512adee1b50a2c3146f783c4543409cbc92b4,24396071,24396071,1,0
0x9608297b9607162d1da126815ba5bb84d286a43a,24347128,24347128,1,0
0x961069f3d92f960ee19103b32406607d37781cbd,24361233,24361233,1,0
0x96c1876cff5f4249da13df7ea57e9c41d4f6299d,24361280,24361280,1,0
0x9725899ddd12ecb314fd726e15a1f40815a20062,24350359,24350382,9,23
0x97855a13b7e63ff879a244b4299221e18960a122,24444410,24444410,1,0
0x9a1603dd4e0cc99726497cc433f5c746bf4f5177,24384738,24387017,3,2279
0x9b2355180e83e39cb96ca3a76ded8565800e902f,24347789,24347789,1,0
0x9be6e220bce4fa00102dde0cdf9e880cfb14a3ea,24344075,24344224,3,149
0x9d23f181915d005d3fdae985c222c6aacd85433c,24344272,24344272,1,0
0x9d365af56b485918954b4171608330a0842cb00c,24361161,24361161,1,0
0x9e21d5c0978ab3a28b9af9ea85e09b6818ad7b42,24346854,24346915,2,61
0x9e3feb3da27726b9862bca7621145a03e5dbc770,24343778,24343778,1,0
0x9ecdb7eba66a60503f84e503203e119ae23bf057,24347638,24361147,2,13509
0x9efa7e1d83b20af2070dd9356068e58b9c9d969e,24444396,24444396,1,0
0xa1daee3eb47f05f857aca817523f9ff11d95bd71,24342508,24342508,1,0
0xa2644f1d65c561140461826237d91a3a1eebe046,24347618,24347618,1,0
0xa2ea4ab066d455543eed6c1a2f731b5d4fac27c9,24361206,24361206,1,0
0xa35308e4ca646fea1488838147a2c0ec18eec6dc,24348255,24358080,10,9825
0xa364b2567cd7e1f64928539d6af119cb4b479f6c,24347610,24361115,2,13505
0xa36bf0c37f0384e9bb3d4b18b835b0937622d0b9,24396060,24396060,1,0
0xa3959f5c9fa10a0fece564148079a26db58c2b23,24361287,24361287,1,0
0xa3d82c40d8c72f8bcb50df9b7fe770a37a794dfe,24347709,24347709,1,0
0xa448a07890fd4d9f6d133c68745e46f3bee48060,24387286,24387286,1,0
0xa5f03c8f253bff10eddf5059d0796cff5a3f539a,24373312,24373312,1,0
0xa63b833c4bb36bf5e9d1c981fb17a4ff37dd68f3,24346173,24346173,1,0
0xa64d893f83b22a3a99c84f883f53ce1d8c75cd5b,24399842,24427894,2,28052
0xa72eb6edbcfc24e079bf8e5a0004ca4f9a4c9f70,24347708,24347708,1,0
0xa783935413e64384d19249aa54c5b24c7cf34811,24361203,24361203,1,0
0xa79ce4d55f6e028b6582bb8b86c5051eb175b554,24347408,24347408,1,0
0xa8465c6f98595e39bb8e0059606dc09808196b44,24345599,24345599,1,0
0xa8be9d4adefa26466a581b25baf93ddeefaa68d5,24347742,24347742,1,0
0xa8cc612ecb2e853d3a882b0f9cf5357c2d892adb,24342657,24350629,2,7972
0xaa66fe4ba9cbe9ed72e305c31717b8592ea51b2f,24342804,24342804,1,0
0xaa694df9ec9b4e430c386302d488963366354180,24376568,24376568,1,0
0xaa8c336ff3f882b8de3d3bdf9c1def68c55db5ba,24354830,24354842,2,12
0xaaa1bc037a5b4c81692d3b67987ca3e487fcad8f,24361310,24361310,1,0
0xab0b2d97b6ab1d0a16d8834a162098ce78da137b,24392004,24421284,296,29280
0xac40fa0f6f640225e91fd169e6bb5d0e802cf6a5,24361158,24361158,1,0
0xac97563261c03369724ddc420d747a74fab60841,24342419,24342547,2,128
0xad1c88858d4ef12736bae729d042c8ba1cbaa830,24346450,24346450,1,0
0xad49ea4d7701fb28bfab450e67e39cbfab399674,24347432,24347432,1,0
0xad7b99c2a7ee2be5d3940b1ec961e81ae6dfb2d4,24346618,24346618,1,0
0xadd403400485118bd58a4032b5ff5aa1e716e0f6,24347664,24361167,2,13503
0xaea7b7805d51cd7978ef12f79a238be2427d44cc,24342650,24342650,1,0
0xafa170a015baa7508d3dc55c07da1ad5123a3df1,24355827,24355827,1,0
0xafd12c83e4ed424b238a646df058c9058081e6b7,24345992,24345992,1,0
0xafe7838a68b421a8640ab5615315ec2f09b1fba9,24347093,24347093,1,0
0xb0718fc5161999e9d7d89f217afc0f3e2887fd1b,24346234,24346234,1,0
0xb076009172eebd497cc21975915646b145078dac,24361364,24361364,1,0
0xb2ba20e485d032ca71bbe6370b1881d525cb5537,24361158,24361158,1,0
0xb3500dc3888937b753f349814cfca44574784137,24346859,24346859,1,0
0xb3ddd140e57e16528d739dac6dc44cca69de5cd9,24347626,24361136,2,13510
0xb3f8ea851950440a7cd9f22ec05718d1a7312725,24344522,24344522,1,0
0xb466b84a158254c208b40cb5398067be33e8c5e6,24348664,24348664,1,0
0xb4786938d818d522340597c0766b166d6e0ee4e9,24347118,24347118,1,0
0xb506c02f6b5b84e630e21b56347f2ec1a293b29f,24346525,24346533,3,8
0xb511e9bd24455228755f6e83e82240d3b7cfeba7,24347160,24347160,1,0
0xb5ddda908d829765a00456ebc4849644f24dae9c,24507287,24507287,1,0
0xb650aebfbce7f9c8604ca1e34f12d36299337123,24347640,24347640,1,0
0xb6c5c0e46ec6a45b786acde798e8f318e1297f7f,24347601,24347601,1,0
0xb76702f811e7ce7241a4c0cba7ccf7c372ef23de,24347449,24347748,2,299
0xb833114b7450c1909abf20cb9da4713f6e8d9046,24342240,24347183,2,4943
0xb8b7d1d56d7ec058f61dde470e08048ebf93b80a,24347709,24361275,2,13566
0xb9282875c11963e116fff908443c110ca80ed9c6,24347617,24361131,2,13514
0xb99e5a2f97ace18edef5ddae1a21cf9fac51faa0,24342642,24342642,1,0
0xb9aa4be51fbe8f217930c16ec960639638cebbf1,24578334,24578334,1,0
0xb9b0252f780ef21aa3c8b3d6bd6ea19c0231edc3,24342412,24342412,1,0
0xb9c8a9a4e33e3dd58b1d60e34b80ca843bd8b1e1,24347621,24347621,1,0
0xb9fc8f648cee77bb6d9e6b6e0c71db23eb93b1d0,24347617,24347617,1,0
0xba3f8fce8dc521cddcb6dca1720b84ad59f868f6,24348235,24348235,1,0
0xba6d1cef4236e39077d4ce92f08c48b50ae0a9bf,24390286,24390286,1,0
0xbac8464b2041537fe4dd2d38f8c08b2851dee708,24494313,24494313,1,0
0xbadbe615a55dbc49787e0497385c3a9a90c62b98,24347623,24347623,1,0
0xbbd9111ff9d0ad76d2d1681adc6b88c392a794f4,24344222,24344222,1,0
0xbc1b69c790ed57ca676c055d27713677dd714cfc,24343020,24343020,1,0
0xbc539a08871d83fbb130e72b1243bca3f59513a6,24361158,24361158,1,0
0xbd3360ae75ecbbd0dbb0ab055d795e828025e3d4,24388847,24388847,1,0
0xbe5ac2267fae886e7b6a154b8702989ddea1dd1f,24347688,24347688,1,0
0xbf1c4d7f2cd0518570837af13d7b0fc33492a7b3,24361275,24361275,1,0
0xbfb837f2d0daee64cfe88439ebab2b2dfe3319f4,24361383,24361383,1,0
0xbfe1cdd5eb11155a9ab78eff741848310396abc3,24377466,24377466,1,0
0xc04034931cbc27c449a3f35319bf1c5137011b75,24524595,24575056,2,50461
0xc055522ee10bbc5fb29a3f5d896e0a174c86d16e,24347710,24347710,1,0
0xc06c2f758732b4b239e87e14df069a899da4fcfe,24345233,24345233,1,0
0xc08fec00255ced32a75f4df79a4063e49cb5a26e,24575528,24575545,2,17
0xc1392f82bcdaa2b0d553e41720409a0496ab330c,24376231,24376231,1,0
0xc151a077e05511c16605e680a2bd805262f2f5ae,24361387,24361387,1,0
0xc178e9d060018f2132aa688205319e48148d959a,24361204,24361204,1,0
0xc2af153f2cfbfd8bdb613cf186020c419ae0f4f7,24344605,24344605,1,0
0xc35455f2551c43bd0d622dfbe66848d09c430c21,24347305,24347305,1,0
0xc38f60795a122c49690a7fbdf07a115a0ab8aa5e,24376605,24376605,1,0
0xc41b6c2badbb745ca7ce08b7d7e609a142876cb9,24342379,24342379,1,0
0xc56d18dff6215b1eaded92f7b50a9681675d7ebf,24342668,24342682,2,14
0xc6a90582c5ecb8557547c315883f8d423211a669,24345060,24345060,1,0
0xc717822490935812330bba22ceb0930b8635971c,24342762,24342762,1,0
0xca034d4438719391b5e7589242a36ec535ed6836,24492788,24492788,1,0
0xca3fce307035c3a7c89018601cde173274d1b326,24379848,24542622,13,162774
0xcb3a6a70fc30363b356db0e020634d5ea0fe7204,24493545,24493545,1,0
0xcb83b380084cbda089daca73663325f834ace12f,24524636,24524636,1,0
0xcbd91d83502b0931e0b873f153e87ea12c4777ee,24361203,24361203,1,0
0xcc05fbe0cc01dd2ebfd60f91f1050d0aeab1cf78,24342666,24342673,2,7
0xcc28cee3a1433493de119efe8cd218ff7c0e4821,24364597,24364597,1,0
0xcc9e262ea17caaf35cf59e6b1bb778bb26e6c6b8,24388503,24550632,2,162129
0xccfc33364d846f243d6ff901ae3bc53428b89538,24361234,24361234,1,0
0xcd9bf7b00b45d5b398260c9b7aaf9e8b6b966bd3,24361234,24361234,1,0
0xce54178868a0f9de2be19181d733f626ff7cceec,24402298,24402314,5,16
0xceddca02cb3c8ec4f60aef7c4ef0b7c6c4546e46,24594514,24594514,1,0
0xcef3622c3fc86b60d482cdddfcdc898bba4322a4,24390185,24390185,1,0
0xcf8605bb30fca6c8d7a4c71d7f300399e93c9537,24348021,24348034,2,13
0xd03c4c9ad37c73d9622d7ab5dd72a0274e2f23dd,24348751,24348751,1,0
0xd06c84068ff93507aaf2d7c06e39c614c40b6a20,24344382,24344382,1,0
0xd0a72403f2647849a5ab36e20d1f5a3130451fcf,24345235,24345246,2,11
0xd11e3e8815ab3bc592a032bd1b56b01a89d83a66,24397929,24397929,1,0
0xd2d3ddfddce0b911b0a1aba9a00cf5372f48840c,24370872,24370872,1,0
0xd2ec0407ec3a3e018679dca89965ff006d1a2fc4,24361193,24361193,1,0
0xd448777940dfabf65fd259fa8a9903e60e1ff178,24344556,24370524,3,25968
0xd4ea76c123f7849f6f567fb74fd4ee0eff6c9259,24361233,24361233,1,0
0xd5d74005f0e48583f152ef5832f4268928ad05f9,24347653,24347653,1,0
0xd68873d38f9a6114b176e113dc7042948792326b,24361234,24361234,1,0
0xd6f3bcd7166004dd3e19e72336659a7a3329dc6f,24601762,24601762,1,0
0xd72745e54636c66c132ec9cbaaa996911d18ef7a,24347648,24347648,1,0
0xd7d278e80f874217165427ad759fc1b3a4c655ec,24343028,24343028,1,0
0xd9cff5a8d0ed1ee60cfc444d816648f12adc5cd2,24388829,24388829,1,0
0xda85b5a69a4e8adab9d07334c64e6717b75073a6,24500041,24500041,1,0
0xdbbe0c13bd9b7ad61e9d25c2c9c890a6a12d7b67,24343095,24343095,1,0
0xdc576454fd20e893bc07d8d7a31b760d51691456,24347106,24347106,1,0
0xdcce019f7ded7c53b250dc0bf05f7abcfd64cfa5,24347629,24347629,1,0
0xdd1361383715f6f07fd7bb7823a2d056b4248f51,24415468,24415468,1,0
0xdd1b42b76686f62b0832c56a7874d4f3acba0dfc,24347610,24347610,1,0
0xdd921337432661e61aa2177379c534fc5acdf87d,24361271,24361271,1,0
0xdde6a74c64534e0f3e20a80ef8f094852b937e50,24347626,24347626,1,0
0xde2fd33a5457b7e7bef4c5419c408008e36f764d,24347794,24347794,1,0
0xde35915ed28b4e8ef8ce1779d0562fbd578bb4d8,24346173,24346173,1,0
0xde73315cc0bf6728bbb2eac72683ea7e9e77b84d,24342260,24342260,1,0
0xde96e75c7160d70a447a72afdb75ddfa1455c808,24347704,24347704,1,0
0xdf04d34e2b25c9db93ddf1f1b487d05fbf286107,24497873,24497873,1,0
0xdfd59b339c29acf1811cc85469e6cf13429d4d8c,24343234,24405206,7,61972
0xdfe067eadcc1e006514cecb421470bb29d968b85,24361203,24361203,1,0
0xe004bdadfa6fc8afd2eae3103312acb3b501ec1f,24361158,24361158,1,0
0xe077e4c8a0401cec80e31af61e2ff29156c8e8a5,24493168,24493168,1,0
0xe0a6f632b56e97505d844f4e5b20961a65651ace,24361202,24361202,1,0
0xe0e4c88fa0a216e189894bb822d1a9e746198856,24348566,24348566,1,0
0xe101ec3af662e7101449e0b4a979be5eaef09819,24346732,24346732,1,0
0xe1f16fd1e0e9630f78da131d8f815af7387cd96f,24347703,24347703,1,0
0xe3447ccbb12ba95df50960cbddc2ef5e67e76303,24342488,24342488,1,0
0xe34e0a3c4e30c2cafe0c841dcd69d530e887972b,24360315,24360315,1,0
0xe394d85ae8351a6c5c804b7140b2dd6d7bfc082b,24342777,24342777,1,0
0xe3a1aaeb834cc1b3d7f851547d0c5d18497bc7f8,24346790,24346790,1,0
0xe47a31554ba238e3e8d1a4a6844da727b8cbfb44,24344649,24344676,2,27
0xe589f646f232d8b5b72a45a4fd3d4fbc05009c62,24493497,24493497,1,0
0xe5c30fc5f1bff8e0e0d3f3f1e2a819962ceddab0,24347673,24347673,1,0
0xe61dd036f4e36ea2108707335ffd7eb7298d661d,24464556,24464556,1,0
0xe623e4ab94f37d06bc273e560ad5ad3eba13651e,24347810,24347810,1,0
0xe65de4cf6af3c5a6d1e2ff214d41eddb232e4023,24361267,24361267,1,0
0xe6a2890055cb77986972cb0400e77aee0d12d304,24347647,24347647,1,0
0xe6c8336d9c5e4653307264d304015d14e1f9d55d,24350539,24350539,1,0
0xe6d58129b94d462996d571e3fcd28df6d1a184c5,24361202,24361202,1,0
0xe70cac456beca6e98749e037f058188f7fb3faaa,24361234,24361234,1,0
0xe746f43c59e15cf1d4daf7b2db341f889ba4a319,24361233,24361233,1,0
0xe7d9c6d6c1ee333e3c95a8ca93c13ece4d99f6de,24361248,24361248,1,0
0xe8288a253c08d404a50442c4c90695367f04d7d6,24368223,24368255,2,32
0xe87498d2434ac336a5d211a8b43bb926e8fcd777,24344685,24344688,2,3
0xe94a7e754477c3719fdac76aa592d7e47881c8f4,24348123,24348123,1,0
0xe998fe3f4de0c036c577aa6bf0904ebec0592507,24347621,24347621,1,0
0xe9b19ac3668df5ec9fd174c6fb1cd20f8418c6aa,24415798,24415798,1,0
0xe9c92eba395d2a084e0f6bf12a406128040b7c4c,24361277,24361277,1,0
0xeae8bb99b4f996e15595cac73d254d0c4a70baee,24348262,24348262,1,0
0xeb107bf3f7e714d9f5a6f64a63d5f445eb47f2ce,24524617,24524617,1,0
0xeb77c4f95651b76406973fa21a6338094670af3a,24347692,24347692,1,0
0xeb83641c61754c0ca3d73c47f5d86a75ed083269,24342623,24347295,2,4672
0xebb95ed19c0bfc1e86bdf9789eb05bfa651cdb6f,24499782,24499782,1,0
0xebf71d36b3dba9a30a2287e50e2d8e02d0ce3a07,24348066,24348066,1,0
0xecc3424aa0bd46f4e94439ae3220ccd4cb0c5b0f,24347625,24347625,1,0
0xed66673655a51440339e496d958086210ac14f53,24364008,24364008,1,0
0xed89642b04363360987b0c9d72d48e8669824c21,24373601,24373601,1,0
0xeee833ccd95a0927bf79f25136588bc9c7d0aa81,24388634,24388634,1,0
0xef26f2cc1f1cdee11d106ee3cb5dfab6f075d645,24348282,24358088,8,9806
0xefd30d0c7a7177a497be0793ec48847c4582fbaf,24361277,24361277,1,0
0xf17b5dd382b048ff4c05c1c9e4e24cfc5c6adad9,24481513,24481545,11,32
0xf18b3277bb7c522a5ca9a6cda1b7d181205b1d41,24368169,24368178,2,9
0xf257c3fcb8bbbe6bd4670253eedc577b2c2b36fe,24350344,24350367,4,23
0xf2dc721205e2703e0ede8891819c26e95d162075,24368987,24368987,1,0
0xf30b87e33357c608cb7f7faab25b4c7051f0a533,24497215,24497215,1,0
0xf33138a83b0c5e24551315216d92a281588ac3a4,24361378,24361378,1,0
0xf36bb95548ae036b8add44f94cd0d01316825a20,24350179,24450321,9,100142
0xf3e7cff1eebc2d0a59ccd14cd6c7549a04e9ea58,24493051,24493051,1,0
0xf45944a0536b8e8a0eefb1b53d6cb56f0c9061c1,24361189,24361189,1,0
0xf486b301d7ed9a01f60abb228c687b176f23ab22,24353528,24353528,1,0
0xf55c688510f75bf279315e496d430efa62eb1cf6,24342740,24342740,1,0
0xf5a319b5158293ee66487d0810652bebf5e0f668,24389260,24389288,2,28
0xf653068677a9a26d5911da8abd1500d043ec807e,24426180,24594500,1215,168320
0xf70bd9d83bf7f4d8868c1dc9c930705b4e2e2a36,24361211,24361211,1,0
0xf757ea9efa0d33b25bfeb171db3616e8861d611b,24348181,24348181,1,0
0xf83b2b9a1010c68d401d362171996b6fd3bb0483,24349834,24349834,1,0
0xf86e616ad996de20580eed853f3354ee81f5b61f,24446504,24446504,1,0
0xf89009ceb2dee053453b87d240e7ac5104a703b3,24358080,24427698,3,69618
0xf8921e0329d334a24709adb6be4763bdfbc03859,24342757,24342757,1,0
0xf8ad6e823ae1d0db02913b28012c4655b7fca409,24346462,24346462,1,0
0xf97d263bd63893fc1ec2e0d5365fe9c0957bdb3c,24415490,24415490,1,0
0xf9d1d63f362bbf1ee08ab9acb36fe74afc48d5f1,24342012,24346889,6,4877
0xfac7c99cd020c930d67c9085c4a31729687e9422,24350441,24355909,2,5468
0xfaf0189543273e7068c04e7a50214c0d49148632,24361212,24361212,1,0
0xfaf84f981c528ca9989290e5312f95a2c429599f,24349074,24349074,1,0
0xfb9d749eec5b278427c4841ba2640afe72d3f7b7,24359611,24359611,1,0
0xfbc6421153f2c828d065d94f108f05b616afe8a2,24347634,24347634,1,0
0xfc569572a5e548d12ebbe7ad5b4257090e9d64d0,24347704,24347704,1,0
0xfcdd534ceaea44069fa0b44e17ac136a01757d26,24388815,24388815,1,0
0xfcf44713bae5bbe92fe1d1e1a942ed629d3c669a,24371857,24371857,1,0
0xfd280fbff240b38c9b3637602b0073c2b20ef06b,24347593,24361014,2,13421
0xfd3b50bb02d9ef01c36703e49d050dfc3f5b3690,24343084,24343090,2,6
0xfd4f24303686cdb2f8748ae995b0440c81dc0fbe,24347025,24347025,1,0
0xfd5a09ffaa1c9f453c8343853364c96994da6946,24524571,24524571,1,0
0xfe2dd9c25c89a57c544ca7f82581ed4403d597fb,24342312,24342312,1,0
0xfe8cc72d95633e3a40cf3d221a609ef0c4807745,24346198,24346202,2,4
0xfec14b8b6137eec2a1b26ab7a12d4b10870d8e79,24343288,24343288,1,0
0xff60e04319f57ad7d8ed0c77bf65912a38d05f6b,24347685,24347685,1,0
0xffeb250a5a28029050f7858f53ced9523ba94c21,24361364,24361364,1,0
0xffebcfd2b3f4129403c2787829f0a07a92e6d296,24387401,24389286,5,1885
0xffebf63fc9e886f8252f25d7b0be7aa33d80f1b4,24388043,24388043,1,0
