clientAddress,unique_agents_rated
0x0050716E37Bc77E6CFc7827d91C84Beae923504E,1
0x00D69EAf25a939a2E8db6238C9ea055ca9633571,1
0x00fC3E85cbF336058e8a4faB86c392533C9f2752,1
0x015861aA53850b6b6bC96ce15ddBb96Fe653AF62,1
0x0171a8CE564573b834EBF7F5028CD3AB7641736a,1
0x017dEa1c897cf59DeC2a00E19E0C4Ad32d0D8D7c,1
0x0196656B3ab87029e66e186Cec3685000B00B2Bb,1
0x01B643EC625Bdb35eB84142B26a641169bfe1EE8,1
0x01E2df20Fd03CC201Ce96397A2E123eC68D50c7D,1
0x0266CBDfDc09A48Fb2c8E4803371E9dff343e68c,1
0x02BEaa0Aa347734069AEeC5210f3D0dA955000c1,1
0x02C762a8d9f8Df0ceCc237A7E3125dc15C2F98c9,2
0x02db169c78de0898cdc0531bc0e88Df0e891f745,1
0x0326cC8C9DcdebCAD35E64098FdF9bAD81436499,1
0x0394CeB38c1e1B628A3ce21140e085C8850Da4a5,1
0x04257864Af2A53F9A0c3FEc5908Dfe5B9A3345C6,1
0x04E43778B44d78988F7F26d496417d8EF5c3D423,1
0x04E881AF3586f670574A8b6672F0602b459FDf83,1
0x0541b20A575347d0B78edA60B575105540530535,2
0x076775d9D67f39190a6C5655f23C6537f5fF1B00,5
0x07a116B185C2CF607Ea1ee0f20915F1739A10877,1
0x082c15DeD2d8Ba0950EBC690A85C08d873778312,1
0x084b2BC5d196b095EdF713ef50f8cBC3AA13ebe0,1
0x089eD226a36499eFf64b71D0cEd520C7605f6056,1
0x08aAf563D325C72e7DEcCFe6497b2598263525be,1
0x09310046Ee674aC90c0174f0f5f78d92dE143B29,2
0x095DD36b382740CBF7Ed27Ea2f53b2ccdcEd0E2b,1
0x0AB0c55443639c5D3a71607FcF96813e93a7BCE5,1
0x0AB8CE596f88067A9948Dc0Af850167fc7454f49,1
0x0Aab51d06651B55bB1Ee4Fc5625F632a0e8731a6,1
0x0BD89d50aE8067aAF882428330288014D1858eC7,3
0x0C4b137c237931bA7429FbD17367546136dBB662,1
0x0DaA32736d672DF0E35a9b43C093169FcE7B267D,1
0x0E3DFF2718EDeda1599CC09ccdF0B31Ad2237E11,1
0x0E8ae3FB479192CCC294BE535E8d49151Bbf4920,2
0x0Eacda5A36fBa2D4dadA0B4C71f52Bb8148A3BD5,1
0x0EbbA5C1a7aeFb822E2576D1d0391683f3c6F4f1,2
0x0aD02bDE60FA40fd64F288670ccc09579B69e7BD,1
0x0b9E846bC1bB212A20E2a57E9628fd18F640a05C,1
0x0c1b2c659588a99F3c04b33c63a923a52818F1A2,1
0x0d3373101541fd3A6806833dC5F547A6EE3b669d,1
0x0dfad89ab6bB91897F26B4353C2d051b457B18e2,1
0x0e9C7364E5Af77bF72273fDA5B06D8606bD3F723,1
0x1056232fF9eeF40dd08fa746400E2527d3D3e734,1
0x1117BA404A57Af8D5B902E86226EF3F17Eb2EAa7,1
0x11adBC1B3fd5cb5F29B0052b4AfFe725645b5e4C,1
0x121E33197fa468De29e294E66Be1a72E89a8472e,1
0x129727854bE08C0E195383043D6bD5BC1810ff15,1
0x12a5F14360e82C8c06FCCAbE60ED0CC096Aba5Fe,2
0x130e90223aa47B1A046cbB1F6f27eA98e139eE30,332
0x137C46304cc4593065e9832aa2dab7C698db4D97,1
0x13Ad7BF04aa7215a76A5C713a85b20B97773747F,1
0x13Cf0934354939a411c0Db6581505F7d1ad6639a,1
0x13D15FAD32572109E448fe51e06C86A58287AAD1,1
0x13a6D4b1dAF00b8cC466179175550222B2719BE7,1
0x14ad5c32f05ceC8cC84C5CA09047F4d7745F4740,1
0x153BAbF753e306E27861Fcc33A56Ae015d5c739c,1
0x15B98aba3b7d469fC00C5CC6a59CB8FF350b4e17,1
0x15cF1A1bDb9d66ec90cD507CBC38422700e69Bf1,1
0x16f5FDA2F7829690D4bdC93286493b9beC1bbb4d,1
0x17938A28b82802d1dD71Ad978a3C608995b59C72,1
0x17e3AF3775d5c31Edf333670C203A210633cBaa5,1
0x18194459186272fe99A8552bB14957F9e61d1876,1
0x19e21Db3aBb299DA0873760030B2269b4f8195f1,1
0x1A0b8Eb610eD3489b577892950bB6BE36358167D,1
0x1B46240E0c6291078A9Fb46fFE01F232c231CE8B,1
0x1B609Cf7A9dc0c2F7d5f7C7e9882F37F30D86dD8,1
0x1B7A70C7D5A906F72f7e4d129A44208500AF5935,1
0x1BDE2318543a0Bd97dA915E0c33470636B0Aa2C7,1
0x1D23f14F6605C97a87734Ef3c3Ad7F39d5336B7C,1
0x1a74a30b47bd9e02D4d1F9C9f37D2a3C61ABAE48,1
0x1cA4DfFbC890eE331D9eC5B61ea6Dc3c154FfB2A,1
0x1d689b04a91AAf5Dc405e6F9A9b0c072982dcDc4,8
0x1d6CE8d47d5e910083F15fa629B940092499832e,1
0x1da271bF0CF36Ac3409861D9d909262cfE6BFC69,1
0x1e0E1e9fEceF3b945Dbb61AE61D27333C1B3Acc8,2
0x1e2aAf59F027c71Fd047bbFE7e0Ebe06a9b18A04,1
0x1e7b413f1d5f0bE67F8E5E0eE0e515F46E462bd0,1
0x1eBf9bB2D611dD4E8Ed42A4c3FacE536C4Fb2C5d,1
0x1f2e3a299715C95AD85721ed314543144ca65C89,1
0x205B5285C8A84EB5B5930AF4437f0d66Fd7C9AD4,1
0x20C9B455dC5Ef23FE7fD40C7c653c54dF038DDad,1
0x210bFc72056842Cb32f141AA5d984A7a98E2F110,1
0x212b06Ee3AfaAb82C8d1EFd2177845F2FA3D6E49,1
0x213EAAe57372a8A883a0850492EF1Ee4b2865b74,1
0x22e7061e09176d6097092948e82858C063Dd818E,1
0x23210cE071F2e1C0ac8deb6B2Ff27E645fD727D7,1
0x232CEbB2B68b72eEe1b4459dc912A573d80d9854,1
0x232eDDF9B407Ea1477c212ac4C5ca806Ad1D3671,1
0x23921A5E69061ada40c56B5c446D0A6005cB6ea3,1
0x24Bd40deCdF5A4c5B8960f6eD35D24ed851A740c,1
0x24ED5cA2BFD575Df34cb56E46EBd88d2e80B3EAC,1
0x260815d4aa2a2FfFcf0F8EB72194F14ac080A1dF,1
0x2636D9F1604B8e3aA4E004085706Ad67C81C8D5d,1
0x2674d6578C95e6191CFFA2b2c234A2bBA626A323,2
0x26C397bb1aBCfCc3155CFebf1687A6e784CBa811,1
0x26F06C75eAaba41C5F52A196d6Bd5065596f7F3F,1
0x271a67f6C0A10BEA9843C84C23bBCAA2b5d64273,1
0x273Ca4028abC050D8b6EDF2FD5b9bC25d26845bE,1
0x2757AB6586c6B11af657746a6E502523Fb167B65,1
0x2831c0338cC1B60eb4b23E1b3dC3c1da44b86a33,1
0x285263eb8F323807162ecBDEc7ed20Ac66F60985,1
0x28b58Dd72761E66F73867CD6610156FA051882cC,1
0x293Ba51b1C75914d3412785D65bf1C34E48Ed93d,1
0x29FdF7915f198Dc728247582F3882B3b6a87B6E0,1
0x2ABA080B1fF770256CeBD5344694865CC218E0b5,1
0x2Ae94BB28Ab2f54C03a1A05c73623549B9a93EF7,1
0x2D3Cd6a4642850c970DE07f957A09962829bf177,1
0x2D7aF2D3a439e9e837532076D57576AC8c3B3f13,1
0x2D9C94d1Ad2878ed419b0258375d5cF2f84aaC7a,1
0x2D9Eaf1874eb27CF8517B688D8ab3e1ec7591cE6,1
0x2FBa95b6075C507f98CAA7C45aE37Ed1c6e0Fa47,1
0x2aab9D90D9438fdcb02Ed419844e96b04eBB876A,1
0x2c0738b2a76F503497C9a994728056110a768756,3
0x2c2057EdE2aBa3ECa467988854bf3F756F8EDA26,1
0x2e37E821F03D3819595ed16Ba39BfBE04ce89D7B,1
0x2e547AD1ffcf46B2290CfEB574d638B33b3072F9,1
0x2eAe6e14DcEbB35E2Ae83b8d2C128f10D0b0a128,1
0x2f03E6070EB8190221503081833bDB96a6411E3f,1
0x2fa385B8cfef2f3A5F54ECe7b267d7445aD47253,1
0x30D23c78Cd271250A404aF33279Df8372fAcDfd8,1
0x30F7fa697baf566033CA99064Ca4FCc91946E2fb,1
0x3129Ca62C47938c205A9AcfEE8a242fC76005656,1
0x3294E282F278872F8BB604b393eB0635eF918936,2
0x333920604E5548Ca3F145c77dD03273a51a307f4,1
0x33E4177d04B23862489C5ADf2549C2B838aBABd0,1
0x34630A13477d49cE72E87d28Dc7808E77F3Bf131,2
0x3488Ae20e77Be83bAb8043EA1C191B6FeB1050aA,1
0x34DF80F78f2c35f7be498485c05172e4f2B0C36B,2
0x34E4a66cc19ccc1171cA7df99A0DFb8e67B49A5e,1
0x35323CACbcdA558aD98AA2df70CaCFFDeeC9814B,1
0x35766BE7Fa027F26717B3b4B4fAf2aE7fE2ec26a,1
0x35eccECe2AD47ACa74CC4e3630f7ed30804B8a04,1
0x360D4fFAA6dc1A0e137cc553eb78722E7F2A1cdE,1
0x360F8C349D96582e79fE04a464081e5B335241a3,1
0x36F50C8c7E5c8c59ABe5e5d1202B3eA4A7c859ef,1
0x36d9D0Cd8086BCB7Fe36977d03db0E85ffC04069,1
0x3700148CbFBDD60885D4B5A16992b285670062b4,1
0x373F3f3A2A3F3D327d0187C47a59116003E87a26,1
0x3752AcA27576bC341446EAf3Ce5d60B79C1c0085,1
0x3820e04f4d00a06338B66e9A1c67BC13b7d069d5,1
0x38E6e8Dc1d6aE329898Ef96E2Aec352471C290c1,1
0x38dF34244DB276d37CcBC3fbb5BF860de6078605,1
0x3A308AE29B79375D89720D3b6c3239d15adB1BD9,1
0x3Aa81Ac8b6c9F819d26eB80f1613d8683e8b902A,2
0x3Bc7F6faC1216A4b536E52e95dAebc793709E4f0,1
0x3CEDDc7882239Ef1f5a373977381d8fF1C3FF437,1
0x3F17e300e5289FB5E0caDA464dCF69705968Da3F,1
0x3a4251b917d0561409385FE4Fd54Ca22823f5cf9,1
0x3aE1A47Bdc30E40893fcAf934eC8bCa97092a7A9,1
0x3c282495FFF754f767121fA484E069cca5B30cc4,1
0x3efe751396E489CCcd31A95Ff736634c90795b99,1
0x3f7B0e42Fdaf3F41339BC4338634136df337C36d,1
0x40320711AE058308E4B1d62cB003b3B45b9Dc590,1
0x41E35A6cf67BBECD5401f1152cCfB8ac9170d9d5,1
0x41Fa89cD020B2FA43561F03a87E5D80d1Bbe95AD,1
0x42392E46A5eF600D36782F69EdD02d4E41D45E3D,1
0x424F51eDae3d13507Ce22977F3A2bBa7dC71096f,2
0x42e9c498135431a48796B5fFe2CBC3d7A1811927,1
0x4323a085B26d82f24c0B64e8f984615933644C28,1
0x43269683aCa01b9b264dcA7E33D58fDc20d4f846,1
0x440CF46444c5431f7690252f946816272F9CF73a,1
0x4535DcEA9E9F51046c075184732eF42dD38F6cbd,1
0x463BF20DBb493fDDFB4DBc6087281BAa0AFE3206,1
0x46827C4d524e45c9F8096A00E4B4C245671C2A0C,1
0x46946123Ea638Cb01020cF319270875B0b82bafF,3
0x476FFF09a555C223e98c1E8571676FcCA7Af9849,1
0x47E8df9A7a7203522BFcCD54752b0d384223b2Df,1
0x47d0b4523B3e0A97662d3b75d711CcdB48791961,1
0x489a07D82458C8CFe26Dd348AC83614F73dEb97f,1
0x4923d7a718757CE9D63c051FE7aB35881FAA08Db,1
0x4930ebbc5A8A9C63A021f33714867cAc0339783C,3
0x49389605C62BAd5D5f27cD1558adAE2706291e55,1
0x498C23424B7a97F54c09D0D4b2b532dC941aB046,1
0x4A3b6301064384AD6B68dC123B2A7bA859094647,1
0x4A6370Dc13a9a5E63bd4edaA15bbfbf3438f82A5,1
0x4BAAcF01A842097f1Cbbe573B0C77Ad7AA9fa3cC,1
0x4BFD3d74B8113A76cfE700de24b165acB1E2e416,1
0x4C124CF3AA24b0B49f549Ea8CeF682FF03410dfc,1
0x4C54359AD17C0372555674fE6F37607C058dEb8B,1
0x4Da03BaC6A00dB44Ae93Dbef75F49A7C11405f22,3
0x4E3C49c6A11b511E7177a296Cd8CA09bF312aff1,1
0x4E9f0dc77C6Ca253294F4a73d96A5d7179302Fba,1
0x4EbbC9fC8d1f6c971f3D25F96686a937d02CAb21,1
0x4aAb484913fEFE0b14c3861824d6431B2965A279,1
0x4bCf16007b058A874Dd0C8a57C69EcEd5f2A2aAE,1
0x4c130D21571B841a08f2551D1DB42D828bc0cFf3,1
0x4dCF0dc59320adC3FACF21fd838815f54084cC6B,1
0x4de59361910C2147F4b9f16cbDD0668686c58c85,1
0x4eA0b92fD24EB89988C33De77c69e3477Df709F9,1
0x4edaD8B40C35Ae856a84623bddAB0ad528F51250,1
0x4ee18C7dC19e9e9C7D4bdDDF58D8710E40FEc8e1,1
0x4f78D80018b8a633b47801E593fa919637d553A6,1
0x4fF0a14F5C6332f54a506633256DeEf54ae18CbA,1
0x51a595341aDe2a3aA6619AAf4Da66124B1DC8580,1
0x51b850e7eAfAf8aB7c07532009608880f1599B2e,1
0x526b6F4A69D58BDA10a1C35C2996864fbfe107dd,1
0x528164b47415942348a04fe21159409D4fBfdc7F,1
0x52FB650367491De03B1BCe45750EE32f5a90D260,1
0x52ce108AE72712929FD2B8c6177a9b39e0ccF644,2
0x533d4d59ede3088c4F58616DDd6EeeA721D671F2,1
0x534Bd92fE6BeF30660477c9C49ab5090346CF200,1
0x5420Bf1d480C9943dBA2F74Cc47b2D5a06ece5CE,1
0x54Aa55f74aCd49C64549Dc83C9a6a9c2c09f38c1,1
0x54E35C780D02B76BbFF3F3863ba096E94A55dE18,1
0x551b775E337D11042B4a51cbe572DD6B857dd090,1
0x56b1B8Bc731e81D6cd343d46F4092B996f630A9A,1
0x570eaef2E2f00bCDd45d6aa0806b0fa3112fCe9D,1
0x57D56837BbA8d2214303b4Fc3DE3226DcB6D73D5,1
0x57E043f2B8F7005e5F4ad88339Db1B3212E8264C,1
0x5829C852708209Fb0895269653c265f50AFE9155,1
0x584d1eda25a1ED6504fe8aC73196b23fE3EaadE0,1
0x58C0b91C74EC793Ae30b3CAf1E5134A102A5b838,1
0x590718Ff4f60F3aFe1a4FcAbd50Cf7C31f95fecB,1
0x590FD18Ad67BDB7b947E3156eD20214c061E561F,2
0x59DA701F22448B8FbC07faAcf3342D1D20714018,1
0x5A1fe122E61D388237Bd035737B04919D13d1105,1
0x5AF5165B85b9885969EeDE525963cf726b83b540,1
0x5AafD21db965587622963F05713d088Bd62a76f1,3
0x5a12c2B69F671494e0F81Bcd49E419228376a932,1
0x5aC69C26a15CfaAeB066043Dcc932F7D01FAF182,1
0x5e1d8C434f166491cBcEC8dB52456fDDffE781c4,1
0x5e9c05b697b859dD6230652eff3a24aC70A42e5d,3
0x5ee75a1B1648C023e885E58bD3735Ae273f2cc52,1
0x5f28f05d5F79E2D702dE2C620554bf99ADb19127,1
0x5f2e87c8460B9bAE8BFC8B46C162ac5493781BF5,1
0x5f3775Be99D6e48837f846B42E7dF948840b81E3,1
0x5f57FBFf58d1E10E49C750Bc79078FCeB5Ceed96,1
0x5f91E2Ada207E36F89Af266A4086C7b80c836446,1
0x5fd8fc6443D060639B4d4eA7B5867b091Cb77656,1
0x5fd9b0B7e15B4d106624ea9CF96602996c9c344D,1
0x60Cc629f4404B7330A61DE97cc15FA9e644A1797,1
0x61704aD66872A0a64C8bCF8425493799698CbCbe,1
0x6280853e068E596a9f445cF82C78082f08a9d184,1
0x63411E846B4AeC248fAe7728Afc2fF23986B732F,1
0x635843f9914D17b3B33F2961052F8b19c5760eed,1
0x6446aD9821021Eeb9f85B8a18B0153d58166d161,1
0x645Fa8A4EB45090E0F1eEa326B63aE497d164aE7,1
0x64782538bC421fbb73Bf4c7b444b774ef8C04b5F,2
0x6498D6a3a9C0c0087F4677777ed61Ba24C70fe1c,1
0x64B0a68CF0cfDDD2a7a1222590FaE5634438042C,1
0x64BeAd962c501E961833621Ca5d9209231CcdFf8,3
0x65765FcfD838fdafe60b571De339aC004e4cC56E,1
0x658254824608e30Db6FBa389A53cB2A657546cF0,1
0x6673ABc9aE2424C28b6779c7Cb5d2A50C2a034Ce,1
0x6693298b78FAF1606528ed15Ec72a52c460bc126,1
0x66BA06642751B8821c2C51fa8EaDaCC48BA441d2,1
0x6700cD7d03237902c2D1CF0A423D1109BBd51969,1
0x67BcBE602e870e2286C19E4E0044E583967c9665,1
0x67E933255b3e013b4CaAec6A9922D8DfA98d42ec,1
0x680FDf3cB0F14D9d3f75aB1B1D8Eb440507e97b4,1
0x690ad4D511117cD8ad1f6F1dDF55FB9A5f699ecB,1
0x6A1D5dB3dD156Fa60950591189d72fe3E2B3e98e,1
0x6BB03dD070b36D18718fE75155E0FB85C8364f24,1
0x6BF2FCBC0761DD63Af34fBE09C2bE5a45BC33277,1
0x6DBC5EB3a6eb917B09236BeF079d1365c625d01B,1
0x6E1aBAdB08C93c0eE58E61a6D51dD941c3C03B5D,1
0x6b414CD457DE32C4dae7d65C57e168565d8C0033,1
0x6ca7788160AE7d9cce61651E2167341F6DcFe904,1
0x6eDa477882484AF6cBC6358a533Ec641df3667b1,1
0x6eb9B0C5BF56F10be7bD7F9665937BA2F650a69c,1
0x6f3ff71ec4fC5C6ef9121F8E0Ce49505A6FCb4e1,2
0x6fB4E5f10976d8463c13dFb3779Ee7B6f56E9535,1
0x6fE336b3D6418Bc1cB4D0AbaE4e20FeD821e11a6,1
0x700F7Be094Ab1F2ba6F560EE0a8FDd252B314C24,1
0x705bed4304E237CbB1F29233558C5d74491B5111,1
0x7068F67961A636fFD4aCf92eEA58C97A45E5De8B,1
0x7072719D35B1053CfC333A15720018336768C950,1
0x70820C2FE6E9E6AfCE708F5EbdD612492aEe0B34,1
0x7083Bd68d9aE68117f6E87511dE502324e1c2b39,1
0x708Ba8cd99c7cfEcFE9Ac58d1a56006C9B3DcDB7,1
0x70F6160A30D2aB6D218A0482bAaed87691Ba1E2F,1
0x71C167e196443cD2394f3A50C74ab4a4A3BDB1D1,1
0x71F017fA0dA7E6145226d6Cc9Af28C9E615C1346,1
0x723d7b911dA006144d638309748A9A0Bf680d119,1
0x724e4B3B379E17e352f95eF520A19Cf3B9905fd7,4
0x726421C248Fb1845562211d08966FE8578488767,1
0x726E0b747dF0F78A7D8C546B6b34E1AC1e127598,1
0x73Cc8571AC294C073Db4b0075060cdB27879352c,1
0x73be9E478e6EAFFDB1FE59310A6B813e107c9868,1
0x760Fa3e313E00b6b668e264F06998BEB39ec5420,1
0x764cC130e8D66a3c1Af45B41D57C17EB69F1c141,1
0x7703531480ca31Cf35222fF197fbA3dB4C7Ceb6F,1
0x772A6C463dCE173605Aee02659d2621ABa6eb952,1
0x7764574Cb5Ae4b656d667b7f6A0D397Aa147e015,1
0x77B0B98F87E0E2FC9957b7DBDb497d659dEc36C6,1
0x783BE0B3a453e4cFfCd2e5141395D44eD3e8CE99,1
0x79B5f84dE5FAB4a81acE00E55DAdC066Cb4CF2F2,1
0x7E0E4552d4eD7F4b8Ba95D98F858A0E356220c0B,1
0x7Ea26DB07a79D72cb8708E98256A156684c7e0B4,1
0x7Eb3149e65BEbCa6f43434c767F35174CBD01d17,1
0x7F84de91b5Cf90B19c35A84bE66A53Da23DAF1E6,12
0x7a0059a050bD58e5a9BD67695856cbdFA18f4018,1
0x7d29a10bB6Cdb1847d152E1db3d5375ccB76C5dc,1
0x7d9D6eBa648f19E03D06B88667C654cBF0cebDd7,1
0x7d9d1821d15B9e0b8Ab98A058361233E255E405D,2
0x7dFe5bd5c559fCaBEf83A7271356E721eD49C579,1
0x7fc4dd306ee13115D92197De25c49A33923691Cc,1
0x800776e5C912c77F568b756081666bab1DC48192,1
0x80752975A44F3215E51df6939091B562Bccf706e,1
0x821B32046699f2A31B0D06B00A6864750CE722d7,1
0x8224c0303c587FDADFc2dd22bE75C9AF74C87008,1
0x823cc53E136f602de988bb67E03058A64210482f,1
0x828aF3A6EA8494d4C58376bf0bdAddB4fDCbB2B4,1
0x82E26e30003542899328ec7bAE7977C82342D518,1
0x831A97E402955EFB4C72E96B80490A4E45a1D02c,1
0x83443910B266757977665bC45d062065e3244169,1
0x838D1e2e9690D5026cFc57abeBc784af4531e87D,1
0x83e5d0568f7562DBBeb289F6a9b01e9F7fAb145E,1
0x846514Fbac6d3B71cabebf19547886faE4B47BF3,1
0x848896b64964bfF98946aBB1e7843B22a08A6e63,1
0x8495F9EBeB3Aa7B39b21F6650A1029F54b211d5F,1
0x855212AFe5823fcbF3d92902304c2C55E3E42076,1
0x85fb135B09bE6b9f57B63CF1a3ca2b54FF1fC810,1
0x870dBd25Fd190ddCc824d9AE689A7abb54788Ed7,1
0x87f5700C680B300A9D19dfA42Be0F14a7461a58B,1
0x88315Eec4a5E09683C0596ee04c0a1eC6e292969,1
0x88709675E2d7A2D80277FC3F92B87c0173a5D802,1
0x88F2f9A4dD1E1B4604f421FCC16535E2056dfb0e,1
0x88a4811d2a888528c442bB8dEc8EB8e2A84D4200,1
0x890b5fBd7E42874f7458a87F93Cd743F06caa017,1
0x891F0acBdccB6AB697ADd35aBE921267952f717A,1
0x89343c33821b1d60955a348540EB6fBCbeEB6108,1
0x89C163d7624186e0F9a3b25eFC275B57B9A28022,1
0x8A24eAF2fdB93a1b63f9Be69292d77A62bc125FC,3
0x8A3B6B73f71D0530577729aa8BD7d853B18c1a4d,2
0x8D6a8e982Bb3f1efd9B794fc708ea5884ABf6607,1
0x8F04b808Df8776e298E040cF25ef5e9C3084cD0e,1
0x8Fc642d66492C830dA43D95da7fE3F027F4F3246,1
0x8c9E6E003E9644e9f697D62066D6F55Eb193a703,1
0x8d72C0b71095d951B2aC27a863977419867da22d,1
0x8e0d2076a0A2A463bAD9ddD8f679acD508f52F0F,1
0x8f3f3eb660213188A408b369CA3c8D2a38A89Aa1,1
0x9008f03bbde6Bd94c41dBe2f148016de4d7D5004,1
0x90638cBF812Cf7a19705D8586E66269428CCe3aC,1
0x90872f4f373Fa502078f84C9870e5A5452b1aC11,1
0x909B13771C4068E550eA3e04A2437F2ce5F42199,1
0x91DE559F1322B823dD2400263777C2DF23Bd9E66,1
0x91e796B259e9011C3F3B73B33Fd3F2bF8152Fcc5,1
0x927086Cf7e6958FFfb65C6FBF811CE506553f651,1
0x9274abdF6ee915E986e32b6bE5Ab46d737858483,1
0x927FE5E080b86dd98004CE72831B037D3196A6F7,1
0x931dd8758415D2B45481C5516d951163179d08f8,1
0x93A51cfC89DFF4F86C23eDad1acCAf22C1cA689a,1
0x93B006fc13B6384cb56A387e4F3971518b3dA0D7,1
0x93B442E6E917e1B00Dbd8CBAa9b8b8AD926c237b,1
0x94a0EF26186698f2431C6b47Ff87bC2a8497FB2F,1
0x95ab794536B278591EB590F6c870d057B3E76a17,1
0x95c512adEE1b50a2c3146F783C4543409cBC92b4,1
0x9608297b9607162d1dA126815BA5BB84D286a43a,1
0x961069F3d92F960Ee19103B32406607d37781cbd,1
0x96C1876cFF5f4249Da13DF7eA57e9C41d4F6299d,1
0x9725899DDD12ECb314Fd726E15a1F40815A20062,1
0x97855a13B7e63FF879a244b4299221E18960A122,1
0x9A1603dD4E0cC99726497Cc433F5c746bf4f5177,1
0x9Be6e220bCe4FA00102DdE0Cdf9E880CFB14a3EA,1
0x9E21d5c0978aB3A28B9AF9ea85E09b6818Ad7B42,1
0x9b2355180E83E39Cb96CA3a76DED8565800e902F,1
0x9d23F181915D005D3Fdae985c222C6AaCd85433c,1
0x9d365AF56B485918954B4171608330A0842cb00C,1
0x9e3Feb3Da27726b9862bCA7621145a03E5Dbc770,1
0x9eFa7E1d83B20af2070dd9356068e58B9c9d969e,1
0x9ecdb7eBa66a60503F84E503203E119Ae23bf057,2
0xA2644F1d65C561140461826237D91A3a1eebE046,1
0xA2EA4aB066d455543EEd6C1A2f731b5d4fac27c9,1
0xA3d82C40d8C72F8bCb50Df9b7fe770A37A794DfE,1
0xA5F03C8f253bFF10EdDf5059d0796CfF5A3f539a,1
0xA63b833C4bB36bF5E9d1C981Fb17a4fF37dD68f3,1
0xA64d893f83b22a3a99C84F883f53ce1D8C75cd5b,2
0xA72EB6EdBCfc24E079Bf8E5a0004Ca4f9A4c9F70,1
0xA783935413e64384d19249Aa54c5b24c7Cf34811,1
0xA79cE4D55f6e028B6582bB8B86c5051eb175B554,1
0xA8BE9d4adefa26466a581b25bAF93dDEEfAa68D5,1
0xA8cc612Ecb2E853d3A882b0F9cf5357C2D892aDb,2
0xAA66fe4ba9cBe9eD72E305c31717b8592Ea51B2F,1
0xAAa1bc037a5b4c81692d3b67987Ca3e487FcaD8F,1
0xAB0B2d97B6aB1d0A16D8834A162098Ce78da137B,136
0xAC97563261C03369724Ddc420D747A74FAb60841,1
0xAFA170a015BAa7508D3DC55c07Da1Ad5123A3DF1,1
0xAFD12C83E4eD424B238A646dF058c9058081e6b7,1
0xAd1C88858D4EF12736Bae729D042c8Ba1CBaA830,1
0xAdd403400485118BD58a4032B5fF5aA1e716e0f6,2
0xAeA7B7805d51CD7978Ef12f79a238bE2427d44CC,1
0xAfE7838a68B421A8640AB5615315eC2f09b1Fba9,1
0xB3dDD140e57e16528D739dAc6Dc44Cca69dE5Cd9,2
0xB3f8ea851950440a7cd9F22Ec05718D1A7312725,1
0xB506C02F6b5B84e630e21B56347f2ec1a293B29f,3
0xB511E9Bd24455228755F6E83E82240D3B7cFebA7,1
0xB5Ddda908d829765A00456ebC4849644f24dae9C,1
0xB6c5C0E46EC6a45B786AcdE798E8F318e1297f7f,1
0xB76702F811E7CE7241A4C0CBA7Ccf7c372EF23De,1
0xB833114B7450C1909ABf20Cb9dA4713f6E8d9046,1
0xB8b7D1d56D7eC058F61dDE470e08048Ebf93b80a,2
0xB9282875C11963E116fFf908443C110ca80ed9C6,2
0xB99e5a2F97ace18edEf5DDAE1a21cf9fac51faA0,1
0xB9C8a9A4E33e3dd58b1d60e34B80CA843bD8B1e1,1
0xB9aA4be51Fbe8F217930C16EC960639638CeBbf1,1
0xB9fC8f648CeE77bb6d9E6b6E0C71Db23eB93b1d0,1
0xBD3360aE75eCBbD0Dbb0aB055D795E828025e3D4,1
0xBF1C4d7F2CD0518570837Af13d7b0FC33492A7b3,1
0xBaDBe615A55dBC49787e0497385C3A9a90C62b98,1
0xBc1B69C790ED57Ca676c055D27713677Dd714cFC,1
0xBc539A08871d83fbB130e72B1243bca3f59513a6,1
0xC04034931CBc27C449a3F35319BF1C5137011b75,1
0xC055522Ee10BBc5fB29A3f5d896e0A174C86d16E,1
0xC06C2f758732b4B239e87e14dF069A899dA4fcFe,1
0xC151a077E05511c16605e680a2bD805262F2f5ae,1
0xC2aF153F2CfBFd8BdB613Cf186020c419ae0F4F7,1
0xC38f60795a122c49690a7FBDF07a115A0ab8Aa5e,1
0xC6a90582c5ECb8557547c315883F8d423211A669,1
0xCA034d4438719391b5e7589242a36Ec535eD6836,1
0xCC28CEe3a1433493De119EFE8Cd218ff7C0E4821,1
0xCEF3622C3fC86B60d482cdddFCDc898bBA4322A4,1
0xCa3FCE307035C3A7C89018601CdE173274d1B326,12
0xCb3a6a70FC30363b356dB0E020634D5EA0fe7204,1
0xCbD91D83502b0931E0B873f153E87Ea12c4777Ee,1
0xCc05FBE0cC01dD2Ebfd60f91F1050d0AeaB1CF78,1
0xCedDca02CB3C8Ec4f60aEf7C4ef0B7C6c4546E46,1
0xCf8605bb30FCA6c8D7A4C71D7f300399e93c9537,1
0xD06C84068FF93507aAf2d7C06E39c614C40b6a20,1
0xD11e3E8815aB3Bc592a032bD1B56b01A89D83A66,1
0xD2D3dDFddce0B911b0a1aBA9a00cF5372f48840c,1
0xD4Ea76C123F7849f6f567fB74fD4EE0Eff6C9259,1
0xD68873d38f9A6114b176e113dC7042948792326b,1
0xD6f3BCd7166004dD3e19e72336659a7A3329DC6f,1
0xD72745e54636C66c132EC9CBAaA996911d18eF7A,1
0xD7D278e80f874217165427aD759Fc1b3a4c655eC,1
0xDBBE0c13Bd9b7aD61E9d25c2c9C890A6A12d7b67,1
0xDD1361383715f6f07fd7bB7823A2D056b4248F51,1
0xDE2Fd33a5457b7E7BEf4C5419c408008E36f764d,1
0xDFE067eAdCc1E006514cecb421470BB29D968B85,1
0xDa85b5A69a4E8aDaB9d07334C64e6717B75073a6,1
0xDc576454fd20e893BC07D8d7a31b760d51691456,1
0xDe73315cc0bF6728Bbb2EAc72683ea7e9e77B84d,1
0xDe96e75c7160d70a447a72AFdb75DDfA1455c808,1
0xE077E4c8a0401ceC80E31af61e2FF29156c8e8A5,1
0xE101ec3Af662E7101449E0B4A979BE5eAEF09819,1
0xE3447CCBb12ba95DF50960CbDDC2EF5E67E76303,1
0xE394D85AE8351a6c5C804B7140B2Dd6D7BFc082B,1
0xE3A1AaEB834cc1b3d7f851547D0C5d18497bC7f8,1
0xE47A31554Ba238e3e8D1a4a6844DA727B8cBfB44,1
0xE623e4Ab94f37d06BC273E560AD5aD3eBA13651E,1
0xE65DE4cF6AF3C5a6D1e2fF214d41EDdb232e4023,1
0xE6c8336d9C5e4653307264d304015D14E1F9d55d,1
0xE7D9C6D6C1Ee333E3C95a8CA93C13eCe4d99f6DE,1
0xE8288a253c08d404A50442c4C90695367F04d7d6,2
0xE87498d2434aC336a5D211A8b43bb926e8fcD777,1
0xE94a7e754477c3719fDac76aA592D7e47881C8f4,1
0xEBB95eD19c0Bfc1e86bDF9789EB05bFA651cDb6f,1
0xEEe833CCD95a0927BF79f25136588bC9C7d0aA81,1
0xEae8bB99B4f996e15595Cac73d254d0C4A70bAee,1
0xEb107bF3f7E714D9F5a6F64a63D5F445eb47F2cE,1
0xEbf71d36b3dBA9A30a2287e50e2d8E02D0CE3a07,1
0xF18B3277BB7C522A5ca9A6cda1B7d181205B1d41,2
0xF257c3fcB8BBbe6Bd4670253eEdc577b2C2B36FE,4
0xF36bB95548aE036b8aDd44f94cd0D01316825a20,3
0xF3E7CFf1EEbc2d0A59ccd14cd6c7549A04E9eA58,1
0xF45944A0536B8e8A0eeFB1B53d6cB56f0C9061c1,1
0xF486B301D7eD9a01f60ABB228c687B176F23AB22,1
0xF5A319B5158293ee66487D0810652BEbF5e0F668,2
0xF653068677A9a26d5911Da8ABd1500d043EC807e,1102
0xF70bD9D83Bf7f4d8868C1dc9C930705B4E2E2A36,1
0xF757eA9EFA0D33b25BFEB171db3616E8861d611B,1
0xF83b2b9A1010C68d401D362171996B6Fd3bb0483,1
0xF8921e0329d334A24709aDB6bE4763BDFbC03859,1
0xF8aD6e823Ae1d0db02913b28012C4655b7fCa409,1
0xF9D1D63F362bBF1EE08aB9AcB36fe74aFC48d5f1,6
0xFBc6421153f2C828D065d94f108F05B616afe8A2,1
0xFFEbCfd2B3F4129403C2787829f0A07a92e6d296,1
0xFaf84F981C528CA9989290e5312f95a2C429599F,1
0xFb9d749eeC5B278427c4841bA2640afe72d3F7B7,1
0xFc569572A5E548D12eBbe7Ad5b4257090e9D64D0,1
0xFcdd534ceAea44069fA0B44e17Ac136a01757D26,1
0xFd3b50bB02d9ef01c36703E49D050Dfc3F5b3690,1
0xFd4f24303686CDb2F8748AE995b0440C81dC0FBE,1
0xFf60e04319F57AD7D8Ed0C77bf65912A38D05f6B,1
0xa1DaEe3EB47f05f857aCA817523F9ff11d95bD71,1
0xa35308e4cA646fea1488838147a2c0eC18eEc6dC,3
0xa364b2567cd7e1f64928539D6af119cB4b479F6C,2
0xa36bF0C37f0384E9bb3d4b18b835b0937622d0B9,1
0xa3959f5C9fa10A0FeCe564148079a26dB58c2B23,1
0xa448a07890Fd4D9F6D133c68745E46F3bEe48060,1
0xa8465C6F98595E39BB8e0059606dc09808196b44,1
0xaD7B99c2A7Ee2BE5D3940b1Ec961E81Ae6DfB2d4,1
0xaa694df9EC9b4e430C386302d488963366354180,1
0xaa8C336fF3F882B8DE3D3BDf9C1DEf68C55DB5BA,1
0xac40fa0F6f640225e91Fd169E6bb5d0E802Cf6A5,1
0xad49eA4D7701Fb28bFab450e67E39CbfAb399674,1
0xb0718FC5161999E9d7D89F217afC0F3E2887fd1b,1
0xb076009172EEbd497cc21975915646B145078DAc,1
0xb2BA20e485d032cA71BBE6370b1881D525Cb5537,1
0xb3500Dc3888937B753f349814cFCa44574784137,1
0xb466B84A158254c208B40Cb5398067bE33E8C5E6,1
0xb4786938d818D522340597C0766b166D6e0eE4E9,1
0xb650aebFBcE7F9C8604Ca1E34f12d36299337123,1
0xb9b0252F780Ef21Aa3c8B3D6Bd6eA19c0231eDC3,1
0xbAC8464b2041537FE4Dd2d38f8C08B2851dEe708,1
0xbBD9111Ff9D0aD76D2D1681Adc6B88c392A794F4,1
0xbFB837f2D0DaEE64CFe88439EbaB2B2DFE3319f4,1
0xbFe1cdD5EB11155A9ab78eff741848310396abc3,1
0xba3F8fCE8DC521Cddcb6DCA1720b84AD59F868F6,1
0xba6d1CEF4236E39077D4ce92F08c48B50aE0a9Bf,1
0xbe5aC2267FaE886E7B6A154b8702989ddEA1dD1f,1
0xc08feC00255Ced32a75f4dF79A4063E49CB5a26e,2
0xc1392F82bCdaa2B0d553e41720409A0496Ab330c,1
0xc178e9d060018f2132aa688205319e48148d959A,1
0xc35455f2551c43BD0D622dfBE66848d09c430c21,1
0xc41b6C2BadBB745Ca7cE08B7d7e609a142876cb9,1
0xc56D18dff6215B1eaded92F7B50A9681675D7ebF,1
0xc717822490935812330bbA22ceb0930B8635971C,1
0xcE54178868A0F9dE2Be19181D733f626fF7CCEec,1
0xcb83b380084Cbda089daCa73663325f834Ace12f,1
0xcc9e262Ea17CaaF35CF59E6B1BB778Bb26E6c6b8,1
0xccfC33364D846F243D6FF901aE3BC53428B89538,1
0xcd9Bf7B00b45d5b398260c9B7aaF9E8B6B966Bd3,1
0xd03c4C9Ad37C73d9622D7Ab5dD72a0274e2f23Dd,1
0xd0a72403f2647849A5aB36E20D1F5a3130451fcf,1
0xd2Ec0407eC3a3E018679dCA89965fF006d1a2FC4,1
0xd448777940dFaBF65FD259fA8a9903e60E1FF178,1
0xd5D74005F0E48583f152EF5832F4268928AD05f9,1
0xd9cff5a8d0eD1eE60CFc444d816648f12AdC5CD2,1
0xdCce019F7dEd7c53b250DC0Bf05F7aBCFd64CfA5,1
0xdD921337432661e61Aa2177379c534fC5ACDf87d,1
0xdDE6a74c64534e0F3E20a80eF8F094852b937E50,1
0xdE35915ED28B4E8Ef8ce1779D0562fbd578Bb4D8,1
0xdF04d34E2b25C9DB93DdF1F1B487d05fBF286107,1
0xdFd59b339c29aCF1811cc85469e6Cf13429d4D8c,4
0xdd1B42B76686f62B0832c56a7874d4f3acbA0dfc,1
0xe004bDAdFA6fc8AFD2eae3103312ACB3B501Ec1f,1
0xe0A6f632b56E97505d844F4e5b20961A65651aCE,1
0xe0E4C88Fa0a216E189894BB822d1A9E746198856,1
0xe1f16fD1E0e9630f78Da131d8f815aF7387CD96F,1
0xe34E0A3C4E30c2caFE0c841Dcd69d530e887972b,1
0xe589F646F232d8b5b72a45A4fD3D4Fbc05009c62,1
0xe5C30fc5F1bFF8e0E0D3f3f1E2a819962CEDdab0,1
0xe61dd036f4E36Ea2108707335ffd7EB7298d661d,1
0xe6A2890055Cb77986972Cb0400e77AeE0D12d304,1
0xe6d58129B94d462996D571E3Fcd28Df6d1a184c5,1
0xe70cAc456becA6E98749e037F058188F7Fb3fAaa,1
0xe746f43C59e15cf1d4DAf7b2DB341f889BA4A319,1
0xe998fE3f4DE0C036C577AA6BF0904ebEc0592507,1
0xe9b19AC3668df5eC9FD174C6fb1Cd20F8418c6AA,1
0xe9c92Eba395d2a084e0F6Bf12A406128040B7c4C,1
0xeB77c4f95651B76406973fA21A6338094670Af3A,1
0xeD66673655a51440339E496D958086210ac14F53,1
0xeF26f2cC1F1cDEE11D106eE3cb5DfAb6F075d645,3
0xeFD30D0C7a7177A497BE0793ec48847C4582fbAf,1
0xeb83641c61754c0CA3D73C47F5d86A75Ed083269,2
0xecC3424aa0bd46f4e94439AE3220ccd4CB0C5B0F,1
0xed89642B04363360987B0C9D72D48E8669824c21,1
0xf17b5dD382B048Ff4c05c1C9e4E24cfC5C6adAd9,10
0xf2dc721205e2703e0eDE8891819C26e95d162075,1
0xf30B87e33357C608cb7F7FaAB25B4c7051f0A533,1
0xf33138A83b0c5e24551315216D92a281588ac3A4,1
0xf55c688510f75BF279315E496D430eFA62EB1cF6,1
0xf86e616ad996DE20580EEd853F3354EE81f5b61f,1
0xf89009ceb2dee053453b87d240e7ac5104A703B3,2
0xf97d263Bd63893FC1Ec2E0d5365fE9C0957Bdb3C,1
0xfAF0189543273e7068c04E7a50214c0D49148632,1
0xfD280FbFF240b38C9b3637602b0073C2B20eF06B,2
0xfD5A09FFaa1C9F453C8343853364c96994Da6946,1
0xfE2Dd9C25c89a57c544Ca7F82581eD4403D597fb,1
0xfEc14B8B6137eEc2A1b26aB7a12d4B10870D8e79,1
0xfFEbF63FC9e886F8252f25d7b0Be7aa33D80F1B4,1
0xfFeb250a5a28029050f7858f53ced9523ba94c21,1
0xfaC7C99cD020c930D67C9085C4a31729687E9422,1
0xfcf44713BAe5Bbe92fE1D1E1A942ED629d3C669a,1
0xfe8cC72D95633e3a40CF3D221a609ef0C4807745,1
