agentId,reg_block,fb_block,ttf_blocks,ttf_days_approx
1,24339925,24481527,141602,19.666944444444443
2,24339925,24481543,141618,19.669166666666666
3,24339925,24481545,141620,19.669444444444444
100,24339936,24481530,141594,19.66583333333333
182,24339939,24481516,141577,19.66347222222222
200,24339939,24481541,141602,19.666944444444443
300,24339942,24426180,86238,11.9775
552,24339950,24426352,86402,12.000277777777777
553,24339950,24426355,86405,12.000694444444445
554,24339950,24426361,86411,12.001527777777778
601,24339953,24426401,86448,12.006666666666666
651,24339955,24426455,86500,12.01388888888889
752,24339955,24426535,86580,12.025
802,24339956,24426560,86604,12.028333333333334
808,24339956,24371141,31185,4.33125
953,24339957,24426684,86727,12.045416666666666
1152,24339964,24426840,86876,12.06611111111111
1154,24339964,24426846,86882,12.066944444444445
1155,24339964,24426852,86888,12.067777777777778
1202,24339965,24426890,86925,12.072916666666666
1305,24339967,24426977,87010,12.084722222222222
1355,24339967,24427030,87063,12.092083333333333
1378,24339967,24481520,141553,19.660138888888888
1380,24339967,24481518,141551,19.659861111111113
1405,24339967,24427079,87112,12.098888888888888
1602,24339968,24427276,87308,12.126111111111111
1621,24339968,24430034,90066,12.509166666666667
1622,24339968,24428345,88377,12.274583333333334
1623,24339968,24428348,88380,12.275
1624,24339968,24428353,88385,12.275694444444444
1654,24339968,24428386,88418,12.280277777777778
1657,24339968,24428405,88437,12.282916666666667
1708,24339970,24428438,88468,12.287222222222223
1709,24339970,24428441,88471,12.287638888888889
1710,24339970,24428446,88476,12.288333333333334
1759,24339978,24428489,88511,12.293194444444444
1760,24339978,24428493,88515,12.29375
1761,24339978,24428502,88524,12.295
1803,24339979,24428528,88549,12.298472222222221
1804,24339979,24428531,88552,12.29888888888889
1805,24339979,24428535,88556,12.299444444444445
1807,24339979,24428548,88569,12.30125
1853,24339979,24428576,88597,12.305138888888889
1854,24339979,24428579,88600,12.305555555555555
1855,24339979,24428582,88603,12.305972222222222
1856,24339979,24428588,88609,12.306805555555556
1857,24339979,24428592,88613,12.307361111111112
1904,24339983,24428620,88637,12.310694444444444
1905,24339983,24428627,88644,12.311666666666667
1907,24339983,24428639,88656,12.313333333333333
1908,24339983,24428643,88660,12.313888888888888
1956,24339985,24428669,88684,12.317222222222222
1957,24339985,24428674,88689,12.317916666666667
1958,24339985,24428679,88694,12.31861111111111
2052,24339985,24428766,88781,12.330694444444445
2053,24339985,24428770,88785,12.33125
2055,24339985,24428781,88796,12.332777777777778
2056,24339985,24428786,88801,12.333472222222222
2080,24339985,24430789,90804,12.611666666666666
2102,24339991,24428817,88826,12.336944444444445
2103,24339991,24428820,88829,12.337361111111111
2104,24339991,24428826,88835,12.338194444444444
2151,24339991,24428878,88887,12.345416666666667
2153,24339991,24428886,88895,12.346527777777778
2280,24339992,24429763,89771,12.468194444444444
2346,24339992,24432074,92082,12.789166666666667
2363,24340026,24428890,88864,12.342222222222222
2364,24340346,24342513,2167,0.3009722222222222
2365,24340664,24428896,88232,12.254444444444445
2372,24340931,24428696,87765,12.189583333333333
2375,24340936,24430458,89522,12.43361111111111
2387,24340947,24428753,87806,12.195277777777777
2388,24340948,24428757,87809,12.195694444444445
2389,24340949,24428762,87813,12.19625
2391,24340950,24428779,87829,12.198472222222222
2393,24340951,24428718,87767,12.189861111111112
2394,24340951,24428722,87771,12.190416666666666
2395,24340951,24428805,87854,12.201944444444445
2396,24340951,24428808,87857,12.202361111111111
2397,24340952,24428811,87859,12.202638888888888
2398,24340953,24428814,87861,12.202916666666667
2399,24340953,24428860,87907,12.209305555555556
2400,24340954,24428863,87909,12.209583333333333
2401,24340954,24428868,87914,12.210277777777778
2403,24340955,24428880,87925,12.211805555555555
2404,24340956,24428884,87928,12.212222222222222
2405,24340956,24428887,87931,12.21263888888889
2411,24340957,24431257,90300,12.541666666666666
2415,24340959,24432140,91181,12.664027777777777
2416,24340962,24429726,88764,12.328333333333333
2421,24340962,24428975,88013,12.224027777777778
2423,24340963,24427812,86849,12.06236111111111
2425,24340965,24433303,92338,12.824722222222222
2426,24340965,24433674,92709,12.87625
2433,24340968,24536298,195330,27.129166666666666
2434,24340968,24428701,87733,12.185138888888888
2436,24340969,24427559,86590,12.026388888888889
2438,24340970,24427563,86593,12.026805555555555
2440,24340972,24427566,86594,12.026944444444444
2441,24340972,24427569,86597,12.02736111111111
2442,24340975,24427573,86598,12.0275
2445,24340977,24535159,194182,26.969722222222224
2450,24340980,24433889,92909,12.904027777777777
2455,24340982,24428704,87722,12.18361111111111
2466,24340987,24426700,85713,11.904583333333333
2467,24340987,24426705,85718,11.905277777777778
2468,24340987,24426708,85721,11.905694444444444
2471,24340989,24426713,85724,11.90611111111111
2473,24340990,24426720,85730,11.906944444444445
2474,24340990,24426725,85735,11.907638888888888
2475,24340991,24426730,85739,11.908194444444444
2476,24340991,24426736,85745,11.909027777777778
2479,24340992,24426750,85758,11.910833333333333
2480,24340992,24426755,85763,11.911527777777778
2481,24340992,24426759,85767,11.912083333333333
2482,24340992,24426763,85771,11.912638888888889
2483,24340992,24426770,85778,11.913611111111111
2484,24340992,24426773,85781,11.914027777777777
2485,24340992,24426776,85784,11.914444444444445
2486,24340993,24426782,85789,11.915138888888889
2487,24340994,24426785,85791,11.915416666666667
2488,24340995,24426789,85794,11.915833333333333
2489,24340995,24426799,85804,11.917222222222222
2490,24340995,24427584,86589,12.02625
2494,24340995,24428978,87983,12.219861111111111
2513,24340999,24429659,88660,12.313888888888888
2515,24340999,24433310,92311,12.820972222222222
2517,24340999,24432982,91983,12.775416666666667
2524,24341000,24430809,89809,12.473472222222222
2529,24341000,24431041,90041,12.505694444444444
2530,24341001,24430023,89022,12.364166666666666
2533,24341001,24430136,89135,12.379861111111111
2541,24341002,24433313,92311,12.820972222222222
2548,24341003,24429342,88339,12.269305555555556
2574,24341005,24429921,88916,12.349444444444444
2578,24341005,24428981,87976,12.21888888888889
2579,24341005,24428988,87983,12.219861111111111
2580,24341005,24428991,87986,12.220277777777778
2581,24341005,24428995,87990,12.220833333333333
2582,24341005,24429000,87995,12.221527777777778
2584,24341005,24429012,88007,12.223194444444445
2585,24341005,24429015,88010,12.223611111111111
2586,24341005,24432692,91687,12.734305555555556
2587,24341005,24429018,88013,12.224027777777778
2592,24341005,24432496,91491,12.707083333333333
2610,24341006,24433297,92291,12.818194444444444
2619,24341007,24430122,89115,12.377083333333333
2634,24341008,24432155,91147,12.659305555555555
2639,24341008,24429896,88888,12.345555555555556
2644,24341008,24433571,92563,12.855972222222222
2660,24341009,24432601,91592,12.721111111111112
2670,24341009,24432445,91436,12.699444444444444
2677,24341009,24432501,91492,12.707222222222223
2700,24341010,24431436,90426,12.559166666666666
2701,24341010,24429663,88653,12.312916666666666
2709,24341011,24433665,92654,12.868611111111111
2716,24341011,24432039,91028,12.642777777777777
2727,24341012,24429729,88717,12.321805555555555
2733,24341012,24434076,93064,12.925555555555556
2743,24341012,24431328,90316,12.543888888888889
2761,24341014,24433224,92210,12.806944444444444
2768,24341014,24430005,88991,12.359861111111112
2770,24341014,24432652,91638,12.7275
2814,24341014,24429937,88923,12.350416666666666
2816,24341014,24433846,92832,12.893333333333333
2824,24341014,24430046,89032,12.365555555555556
2830,24341014,24432478,91464,12.703333333333333
2840,24341015,24433694,92679,12.872083333333334
2852,24341015,24429364,88349,12.270694444444445
2855,24341016,24430782,89766,12.4675
2861,24341016,24429900,88884,12.345
2865,24341016,24432826,91810,12.751388888888888
2869,24341016,24430100,89084,12.372777777777777
2872,24341016,24427107,86091,11.957083333333333
2873,24341016,24427110,86094,11.9575
2874,24341016,24431235,90219,12.530416666666667
2877,24341016,24427121,86105,11.959027777777777
2878,24341017,24427124,86107,11.959305555555556
2879,24341017,24427129,86112,11.96
2881,24341017,24428900,87883,12.205972222222222
2882,24341017,24428903,87886,12.206388888888888
2884,24341017,24428915,87898,12.208055555555555
2888,24341017,24429889,88872,12.343333333333334
2892,24341017,24427140,86123,11.961527777777778
2893,24341018,24427147,86129,11.962361111111111
2894,24341018,24427150,86132,11.962777777777777
2895,24341018,24427153,86135,11.963194444444444
2896,24341018,24427157,86139,11.96375
2897,24341018,24427160,86142,11.964166666666667
2898,24341018,24427165,86147,11.96486111111111
2900,24341018,24427176,86158,11.966388888888888
2901,24341018,24427180,86162,11.966944444444444
2902,24341018,24427186,86168,11.967777777777778
2903,24341018,24427190,86172,11.968333333333334
2904,24341018,24427555,86537,12.019027777777778
2905,24341018,24433641,92623,12.864305555555555
2906,24341018,24429805,88787,12.331527777777778
2912,24341018,24429776,88758,12.3275
2916,24341019,24431648,90629,12.587361111111111
2918,24341019,24433535,92516,12.849444444444444
2927,24341019,24433976,92957,12.910694444444445
2931,24341020,24432077,91057,12.646805555555556
2936,24341020,24594460,253440,35.2
2939,24341020,24432589,91569,12.717916666666667
2940,24341020,24430089,89069,12.370694444444444
2943,24341020,24430140,89120,12.377777777777778
2946,24341020,24429587,88567,12.300972222222223
2951,24341021,24431737,90716,12.599444444444444
2953,24341021,24429590,88569,12.30125
2960,24341021,24429345,88324,12.267222222222221
2963,24341021,24594112,253091,35.15152777777778
2971,24341021,24430495,89474,12.426944444444445
2977,24341021,24432897,91876,12.760555555555555
2986,24341021,24432823,91802,12.750277777777777
2991,24341021,24430967,89946,12.4925
2996,24341021,24593418,252397,35.05513888888889
3005,24341021,24433418,92397,12.832916666666666
3008,24341021,24593813,252792,35.11
3018,24341021,24431740,90719,12.59986111111111
3025,24341022,24593529,252507,35.07041666666667
3028,24341022,24433714,92692,12.873888888888889
3030,24341022,24432564,91542,12.714166666666667
3035,24341023,24594482,253459,35.20263888888889
3039,24341023,24591959,250936,34.852222222222224
3040,24341023,24431776,90753,12.604583333333334
3047,24341023,24432448,91425,12.697916666666666
3052,24341023,24429372,88349,12.270694444444445
3055,24341024,24430147,89123,12.378194444444444
3072,24341024,24429686,88662,12.314166666666667
3080,24341025,24594486,253461,35.20291666666667
3081,24341025,24429316,88291,12.262638888888889
3089,24341025,24430461,89436,12.421666666666667
3094,24341025,24429825,88800,12.333333333333334
3101,24341026,24429594,88568,12.301111111111112
3110,24341026,24429713,88687,12.317638888888888
3124,24341027,24429598,88571,12.301527777777778
3125,24341027,24433613,92586,12.859166666666667
3130,24341028,24592500,251472,34.92666666666667
3139,24341028,24433698,92670,12.870833333333334
3141,24341028,24429910,88882,12.344722222222222
3148,24341029,24429689,88660,12.313888888888888
3149,24341029,24592956,251927,34.98986111111111
3150,24341029,24432964,91935,12.76875
3155,24341030,24429601,88571,12.301527777777778
3162,24341030,24433648,92618,12.863611111111112
3163,24341030,24433246,92216,12.807777777777778
3173,24341030,24429604,88574,12.301944444444445
3192,24341031,24431291,90260,12.536111111111111
3194,24341031,24429611,88580,12.302777777777777
3196,24341031,24429821,88790,12.331944444444444
3200,24341032,24432113,91081,12.65013888888889
3222,24341033,24430502,89469,12.42625
3226,24341033,24433542,92509,12.848472222222222
3228,24341033,24427489,86456,12.007777777777777
3229,24341033,24427502,86469,12.009583333333333
3230,24341033,24427508,86475,12.010416666666666
3237,24341034,24427549,86515,12.015972222222222
3246,24341034,24427881,86847,12.062083333333334
3257,24341035,24431297,90262,12.536388888888888
3258,24341036,24432522,91486,12.706388888888888
3263,24341036,24432956,91920,12.766666666666667
3265,24341036,24433618,92582,12.858611111111111
3266,24341036,24431056,90020,12.502777777777778
3267,24341036,24433280,92244,12.811666666666667
3268,24341036,24427947,86911,12.070972222222222
3274,24341036,24433574,92538,12.8525
3279,24341036,24430935,89899,12.485972222222221
3304,24341037,24593735,252698,35.096944444444446
3306,24341037,24431768,90731,12.601527777777777
3308,24341037,24433447,92410,12.834722222222222
3314,24341038,24431314,90276,12.538333333333334
3322,24341038,24432084,91046,12.645277777777778
3326,24341038,24432961,91923,12.767083333333334
3330,24341038,24430938,89900,12.48611111111111
3334,24341039,24433340,92301,12.819583333333334
3337,24341039,24535694,194655,27.035416666666666
3342,24341039,24432942,91903,12.764305555555556
3364,24341040,24430053,89013,12.362916666666667
3387,24341040,24431433,90393,12.554583333333333
3401,24341040,24432831,91791,12.74875
3440,24341040,24431703,90663,12.592083333333333
3450,24341041,24429971,88930,12.35138888888889
3451,24341041,24429974,88933,12.351805555555556
3452,24341041,24430494,89453,12.424027777777777
3455,24341041,24431787,90746,12.60361111111111
3457,24341041,24592333,251292,34.901666666666664
3468,24341042,24593355,252313,35.04347222222222
3480,24341042,24432092,91050,12.645833333333334
3608,24341043,24592325,251282,34.90027777777778
3618,24341043,24429794,88751,12.326527777777779
3621,24341043,24432545,91502,12.70861111111111
3632,24341043,24594463,253420,35.19722222222222
3639,24341044,24430125,89081,12.372361111111111
3647,24341044,24430106,89062,12.369722222222222
3648,24341044,24433671,92627,12.86486111111111
3657,24341045,24432516,91471,12.704305555555555
3658,24341045,24429914,88869,12.342916666666667
3659,24341045,24594098,253053,35.14625
3664,24341045,24430535,89490,12.429166666666667
3675,24341045,24431908,90863,12.619861111111112
3690,24341045,24433606,92561,12.855694444444444
3695,24341045,24431339,90294,12.540833333333333
3703,24341045,24433794,92749,12.881805555555555
3734,24341045,24591977,250932,34.85166666666667
3738,24341045,24433634,92589,12.859583333333333
3745,24341046,24433644,92598,12.860833333333334
3753,24341046,24592659,251613,34.94625
3757,24341047,24432834,91787,12.748194444444444
3759,24341047,24593932,252885,35.12291666666667
3761,24341047,24430015,88968,12.356666666666667
3767,24341047,24594436,253389,35.19291666666667
3770,24341047,24429401,88354,12.27138888888889
3778,24341049,24432528,91479,12.705416666666666
3781,24341049,24431750,90701,12.59736111111111
3786,24341049,24431684,90635,12.588194444444444
3821,24341050,24433528,92478,12.844166666666666
3854,24341050,24430033,88983,12.35875
3885,24341050,24593731,252681,35.09458333333333
3886,24341050,24432354,91304,12.681111111111111
3907,24341050,24593694,252644,35.089444444444446
3927,24341050,24593923,252873,35.12125
3951,24341050,24430941,89891,12.484861111111112
3953,24341050,24432147,91097,12.65236111111111
3963,24341051,24431370,90319,12.544305555555555
3966,24341051,24594256,253205,35.16736111111111
3967,24341051,24433791,92740,12.880555555555556
3971,24341053,24429356,88303,12.264305555555556
3975,24341053,24432168,91115,12.654861111111112
3977,24341053,24429950,88897,12.346805555555555
4002,24341054,24429734,88680,12.316666666666666
4021,24341054,24432506,91452,12.701666666666666
4061,24341054,24431446,90392,12.554444444444444
4073,24341054,24429932,88878,12.344166666666666
4080,24341055,24432604,91549,12.71513888888889
4205,24341055,24592119,251064,34.87
4213,24341055,24428733,87678,12.1775
4240,24341057,24432397,91340,12.686111111111112
4253,24341057,24433066,92009,12.779027777777777
4264,24341057,24594044,252987,35.13708333333334
4297,24341057,24429692,88635,12.310416666666667
4311,24341057,24593509,252452,35.062777777777775
4312,24341057,24431294,90237,12.532916666666667
4321,24341058,24433307,92249,12.81236111111111
4322,24341058,24593937,252879,35.122083333333336
4359,24341059,24592293,251234,34.89361111111111
4389,24341059,24594231,253172,35.16277777777778
4428,24341059,24430036,88977,12.357916666666666
4434,24341059,24430870,89811,12.47375
4439,24341059,24432785,91726,12.739722222222222
4441,24341059,24429695,88636,12.310555555555556
4452,24341061,24431728,90667,12.592638888888889
4455,24341061,24433568,92507,12.848194444444445
4461,24341062,24427544,86482,12.011388888888888
4499,24341062,24594182,253120,35.15555555555556
4540,24341062,24433821,92759,12.883194444444445
4574,24341062,24593647,252585,35.08125
4578,24341062,24431951,90889,12.623472222222222
4582,24341062,24433039,91977,12.774583333333334
4677,24341062,24432525,91463,12.703194444444444
4701,24341064,24593346,252282,35.03916666666667
4745,24341064,24592785,251721,34.96125
4782,24341064,24593680,252616,35.08555555555556
4796,24341066,24433587,92521,12.850138888888889
4801,24341066,24429773,88707,12.320416666666667
4812,24341067,24430143,89076,12.371666666666666
4823,24341068,24433118,92050,12.784722222222221
4833,24341069,24429783,88714,12.321388888888889
4835,24341069,24430550,89481,12.427916666666667
4836,24341069,24592346,251277,34.89958333333333
4838,24341069,24431248,90179,12.524861111111111
4839,24341069,24434069,93000,12.916666666666666
4849,24341070,24429709,88639,12.310972222222222
4881,24341070,24430063,88993,12.360138888888889
4885,24341070,24593351,252281,35.039027777777775
4895,24341070,24593049,251979,34.997083333333336
4917,24341070,24592691,251621,34.947361111111114
4931,24341070,24593033,251963,34.99486111111111
4942,24341072,24433812,92740,12.880555555555556
4947,24341072,24427526,86454,12.0075
4955,24341073,24432580,91507,12.709305555555556
4959,24341073,24430547,89474,12.426944444444445
4963,24341073,24592940,251867,34.98152777777778
4965,24341073,24428736,87663,12.175416666666667
4971,24341073,24430484,89411,12.418194444444444
4974,24341073,24592993,251920,34.98888888888889
4976,24341073,24593871,252798,35.11083333333333
4977,24341073,24431354,90281,12.539027777777777
4979,24341073,24429779,88706,12.320277777777777
4985,24341073,24428923,87850,12.20138888888889
4986,24341073,24428926,87853,12.201805555555556
4989,24341073,24432908,91835,12.754861111111111
5003,24341075,24594440,253365,35.18958333333333
5008,24341075,24430860,89785,12.470138888888888
5009,24341075,24431325,90250,12.534722222222221
5019,24341075,24433025,91950,12.770833333333334
5023,24341075,24431311,90236,12.532777777777778
5026,24341076,24434087,93011,12.918194444444444
5028,24341076,24431361,90285,12.539583333333333
5035,24341076,24432124,91048,12.645555555555555
5037,24341076,24427552,86476,12.010555555555555
5046,24341079,24431280,90201,12.527916666666666
5048,24341079,24430530,89451,12.42375
5055,24341079,24428748,87669,12.17625
5059,24341079,24429748,88669,12.315138888888889
5062,24341080,24431645,90565,12.578472222222222
5153,24341080,24431394,90314,12.543611111111112
5160,24341080,24594431,253351,35.18763888888889
5171,24341080,24430478,89398,12.41638888888889
5172,24341080,24427531,86451,12.007083333333334
5191,24341080,24431733,90653,12.590694444444445
5198,24341080,24593415,252335,35.046527777777776
5203,24341080,24433948,92868,12.898333333333333
5206,24341080,24431719,90639,12.58875
5211,24341080,24429745,88665,12.314583333333333
5233,24341083,24430837,89754,12.465833333333334
5236,24341083,24433679,92596,12.860555555555555
5294,24341084,24432870,91786,12.748055555555556
5328,24341084,24429576,88492,12.290555555555555
5334,24341085,24429953,88868,12.342777777777778
5346,24341085,24593122,252037,35.00513888888889
5358,24341085,24431350,90265,12.536805555555556
5359,24341085,24432649,91564,12.717222222222222
5415,24341086,24427887,86801,12.055694444444445
5422,24341087,24429554,88467,12.287083333333333
5449,24341091,24429810,88719,12.322083333333333
5451,24341091,24592652,251561,34.93902777777778
5453,24341091,24432143,91052,12.64611111111111
5454,24341092,24593404,252312,35.04333333333334
5461,24341093,24592662,251569,34.94013888888889
5468,24341096,24592965,251869,34.98180555555555
5495,24341101,24432861,91760,12.744444444444444
5499,24341101,24429751,88650,12.3125
5501,24341101,24432614,91513,12.710138888888888
5505,24341102,24430878,89776,12.46888888888889
5506,24341102,24432158,91056,12.646666666666667
5507,24341102,24432341,91239,12.672083333333333
5518,24341105,24429838,88733,12.324027777777777
5531,24341107,24429742,88635,12.310416666666667
5640,24341111,24593758,252647,35.08986111111111
5704,24341111,24429760,88649,12.31236111111111
5773,24341111,24431600,90489,12.567916666666667
5801,24341111,24431764,90653,12.590694444444445
5818,24341112,24430079,88967,12.356527777777778
5819,24341112,24430082,88970,12.356944444444444
5831,24341113,24431524,90411,12.557083333333333
5850,24341113,24592481,251368,34.91222222222222
5855,24341113,24429737,88624,12.30888888888889
5881,24341113,24429683,88570,12.301388888888889
5944,24341113,24592526,251413,34.91847222222222
5962,24341113,24593066,251953,34.99347222222222
5990,24341114,24433703,92589,12.859583333333333
5996,24341115,24432894,91779,12.747083333333334
6000,24341116,24592336,251220,34.891666666666666
6009,24341118,24430130,89012,12.362777777777778
6025,24341120,24433468,92348,12.82611111111111
6035,24341120,24432932,91812,12.751666666666667
6038,24341120,24592635,251515,34.93263888888889
6042,24341120,24431402,90282,12.539166666666667
6088,24341120,24429570,88450,12.284722222222221
6096,24341121,24431191,90070,12.509722222222223
6228,24341121,24592745,251624,34.94777777777778
6237,24341121,24431011,89890,12.484722222222222
6261,24341121,24429288,88167,12.245416666666667
6263,24341121,24430995,89874,12.4825
6295,24341123,24430611,89488,12.428888888888888
6316,24341123,24593805,252682,35.094722222222224
6322,24341123,24594336,253213,35.16847222222222
6348,24341123,24592469,251346,34.909166666666664
6349,24341123,24592962,251839,34.97763888888889
6355,24341123,24432134,91011,12.640416666666667
6374,24341128,24427950,86822,12.05861111111111
6403,24341139,24594472,253333,35.185138888888886
6406,24341143,24430442,89299,12.40263888888889
6411,24341145,24428326,87181,12.108472222222222
6415,24341152,24432512,91360,12.688888888888888
6455,24341155,24430446,89291,12.401527777777778
6552,24341157,24431519,90362,12.550277777777778
6560,24341157,24594314,253157,35.160694444444445
6565,24341157,24592136,250979,34.85819444444444
6571,24341157,24428293,87136,12.102222222222222
6692,24341157,24592762,251605,34.94513888888889
6752,24341161,24434050,92889,12.90125
6761,24341177,24430921,89744,12.464444444444444
6768,24341193,24430119,88926,12.350833333333334
6771,24341194,24594466,253272,35.17666666666667
6774,24341197,24432882,91685,12.734027777777778
6777,24341199,24593379,252180,35.025
6781,24341201,24431322,90121,12.516805555555555
6809,24341338,24392169,50831,7.059861111111111
6817,24341365,24342346,981,0.13625
6838,24341385,24429907,88522,12.294722222222223
6888,24341409,24341987,578,0.08027777777777778
6892,24341410,24592588,251178,34.88583333333333
6898,24341410,24433519,92109,12.792916666666667
6922,24341413,24431634,90221,12.530694444444444
6940,24341414,24342350,936,0.13
6965,24341417,24431045,89628,12.448333333333334
6983,24341418,24433739,92321,12.82236111111111
6996,24341418,24342351,933,0.12958333333333333
7044,24341440,24593963,252523,35.07263888888889
7104,24341462,24432679,91217,12.669027777777778
7120,24341462,24592517,251055,34.86875
7156,24341491,24433818,92327,12.823194444444445
7162,24341494,24592683,251189,34.88736111111111
7165,24341494,24431535,90041,12.505694444444444
7166,24341494,24432137,90643,12.589305555555555
7186,24341494,24429361,87867,12.20375
7187,24341494,24432128,90634,12.588055555555556
7188,24341494,24433662,92168,12.801111111111112
7206,24341498,24429980,88482,12.289166666666667
7208,24341498,24593027,251529,34.934583333333336
7212,24341498,24432953,91455,12.702083333333333
7216,24341498,24592680,251182,34.88638888888889
7239,24341529,24433825,92296,12.818888888888889
7282,24341562,24592845,251283,34.900416666666665
7349,24341603,24431745,90142,12.519722222222223
7370,24341603,24593884,252281,35.039027777777775
7385,24341603,24432924,91321,12.683472222222223
7426,24341638,24433090,91452,12.701666666666666
7435,24341638,24429235,87597,12.16625
7443,24341638,24593402,251764,34.96722222222222
7467,24341640,24593919,252279,35.03875
7611,24341677,24593498,251821,34.975138888888885
7627,24341680,24593777,252097,35.01347222222222
7742,24341708,24429193,87485,12.150694444444444
7749,24341708,24432367,90659,12.591527777777777
7800,24341717,24432740,91023,12.642083333333334
7845,24341725,24593947,252222,35.030833333333334
7850,24341725,24592607,250882,34.844722222222224
7866,24341725,24593650,251925,34.989583333333336
7888,24341725,24433124,91399,12.694305555555555
7918,24341725,24594500,252775,35.107638888888886
7960,24341725,24593075,251350,34.90972222222222
7978,24341725,24433129,91404,12.695
7983,24341725,24592632,250907,34.848194444444445
7986,24341726,24594317,252591,35.08208333333334
7989,24341726,24430212,88486,12.289722222222222
8048,24341726,24429871,88145,12.24236111111111
8059,24341726,24433079,91353,12.687916666666666
8099,24341726,24593045,251319,34.90541666666667
8193,24341727,24592491,250764,34.82833333333333
8247,24341727,24432175,90448,12.562222222222223
8260,24341727,24591938,250211,34.75152777777778
8460,24341729,24593519,251790,34.97083333333333
8533,24341729,24593881,252152,35.02111111111111
8547,24341729,24592315,250586,34.80361111111111
8584,24341732,24594378,252646,35.08972222222222
8588,24341732,24432876,91144,12.658888888888889
8628,24341736,24433815,92079,12.78875
8632,24341736,24593084,251348,34.909444444444446
8634,24341736,24431590,89854,12.479722222222222
8657,24341736,24429697,87961,12.216805555555556
8673,24341736,24427589,85853,11.924027777777777
8681,24341736,24431183,89447,12.423194444444444
8711,24341736,24430785,89049,12.367916666666666
8719,24341736,24594405,252669,35.09291666666667
8733,24341736,24429326,87590,12.165277777777778
8745,24341736,24592752,251016,34.86333333333334
8833,24341736,24592544,250808,34.83444444444444
8851,24341736,24429198,87462,12.1475
8912,24341736,24592913,251177,34.88569444444445
9018,24341737,24432920,91183,12.664305555555556
9040,24341738,24427690,85952,11.937777777777777
9076,24341738,24433149,91411,12.695972222222222
9123,24341738,24433386,91648,12.72888888888889
9193,24341740,24432737,90997,12.638472222222223
9339,24341849,24431138,89289,12.40125
9377,24341937,24346737,4800,0.6666666666666666
9380,24341943,24342215,272,0.03777777777777778
9382,24341945,24342012,67,0.009305555555555555
9383,24341946,24535706,193760,26.91111111111111
9402,24342051,24342098,47,0.006527777777777778
9405,24342062,24593114,251052,34.86833333333333
9408,24342065,24592180,250115,34.738194444444446
9409,24342065,24592033,249968,34.717777777777776
9410,24342065,24592122,250057,34.73013888888889
9416,24342065,24592014,249949,34.71513888888889
9417,24342065,24593209,251144,34.88111111111111
9421,24342065,24592002,249937,34.71347222222222
9431,24342065,24593926,251861,34.980694444444445
9438,24342065,24594062,251997,34.999583333333334
9440,24342065,24594041,251976,34.99666666666667
9449,24342065,24428342,86277,11.982916666666666
9582,24342088,24593558,251470,34.92638888888889
9619,24342100,24434092,91992,12.776666666666667
9621,24342102,24535842,193740,26.908333333333335
9629,24342110,24429927,87817,12.196805555555555
9637,24342123,24535657,193534,26.879722222222224
9644,24342135,24536322,194187,26.970416666666665
9649,24342136,24430924,88788,12.331666666666667
9662,24342143,24535732,193589,26.88736111111111
9669,24342148,24535829,193681,26.90013888888889
9670,24342148,24535803,193655,26.896527777777777
9675,24342150,24535662,193512,26.876666666666665
9693,24342162,24433316,91154,12.660277777777777
9699,24342169,24420821,78652,10.92388888888889
9744,24342194,24431102,88908,12.348333333333333
9750,24342197,24342250,53,0.007361111111111111
9764,24342210,24431900,89690,12.456944444444444
9765,24342212,24342650,438,0.060833333333333336
9777,24342219,24592185,249966,34.7175
9827,24342219,24431241,89022,12.364166666666666
9841,24342220,24592476,250256,34.757777777777775
9885,24342220,24430042,87822,12.1975
9908,24342222,24593516,251294,34.901944444444446
9919,24342222,24431038,88816,12.335555555555555
10048,24342225,24431000,88775,12.32986111111111
10061,24342225,24592619,250394,34.776944444444446
10066,24342225,24431986,89761,12.466805555555556
10106,24342226,24432782,90556,12.577222222222222
10110,24342226,24472185,129959,18.04986111111111
10122,24342226,24433522,91296,12.68
10126,24342227,24431955,89728,12.462222222222222
10172,24342248,24433534,91286,12.678611111111111
10217,24342357,24593808,251451,34.92375
10218,24342357,24427386,85029,11.809583333333334
10232,24342357,24427440,85083,11.817083333333333
10233,24342357,24427443,85086,11.8175
10268,24342357,24592815,250458,34.785833333333336
10281,24342397,24420821,78424,10.892222222222221
10283,24342415,24430085,87670,12.176388888888889
10284,24342415,24428726,86311,11.987638888888888
10285,24342415,24428729,86314,11.988055555555556
10289,24342423,24535220,192797,26.777361111111112
10297,24342493,24342508,15,0.0020833333333333333
10298,24342497,24427901,85404,11.861666666666666
10299,24342499,24594351,251852,34.97944444444445
10302,24342507,24427920,85413,11.862916666666667
10303,24342509,24346883,4374,0.6075
10304,24342511,24346889,4378,0.6080555555555556
10305,24342522,24427912,85390,11.859722222222222
10306,24342552,24534332,191780,26.636111111111113
10307,24342565,24344605,2040,0.2833333333333333
10311,24342583,24345389,2806,0.38972222222222225
10328,24342611,24432891,90280,12.53888888888889
10340,24342621,24433609,90988,12.637222222222222
10359,24342659,24427593,84934,11.796388888888888
10410,24342706,24591974,249268,34.620555555555555
10475,24342722,24593688,250966,34.85638888888889
10476,24342722,24428320,85598,11.88861111111111
10477,24342722,24428323,85601,11.889027777777779
10498,24342728,24432184,89456,12.424444444444445
10530,24342741,24427758,85017,11.807916666666667
10549,24342742,24431208,88466,12.286944444444444
10557,24342742,24593627,250885,34.84513888888889
10601,24342742,24592822,250080,34.733333333333334
10612,24342742,24428006,85264,11.842222222222222
10625,24342745,24593643,250898,34.846944444444446
10642,24342745,24428101,85356,11.855
10643,24342745,24428104,85359,11.855416666666667
10664,24342746,24431430,88684,12.317222222222222
10781,24342750,24428253,85503,11.875416666666666
10782,24342750,24428258,85508,11.876111111111111
10821,24342765,24428311,85546,11.881388888888889
10830,24342765,24594027,251262,34.8975
10833,24342765,24594050,251285,34.90069444444445
10841,24342766,24420821,78055,10.840972222222222
10844,24342766,24592592,249826,34.698055555555555
10860,24342770,24593292,250522,34.79472222222222
10863,24342771,24592319,249548,34.659444444444446
10881,24342771,24432864,90093,12.512916666666667
10890,24342771,24428830,86059,11.952638888888888
10891,24342771,24428833,86062,11.953055555555556
10926,24342776,24431398,88622,12.30861111111111
10941,24342777,24429694,86917,12.071805555555555
11010,24342810,24472200,129390,17.970833333333335
11016,24342810,24594186,251376,34.913333333333334
11059,24342815,24432597,89782,12.469722222222222
11071,24342815,24593774,250959,34.85541666666666
11135,24342819,24593911,251092,34.87388888888889
11156,24342822,24432452,89630,12.448611111111111
11167,24342822,24433801,90979,12.635972222222222
11207,24342822,24432456,89634,12.449166666666667
11241,24342822,24429943,87121,12.100138888888889
11274,24342824,24433269,90445,12.561805555555555
11277,24342824,24479869,137045,19.034027777777776
11295,24342824,24432733,89909,12.487361111111111
11425,24342836,24593720,250884,34.845
11441,24342836,24593653,250817,34.83569444444444
11452,24342836,24593555,250719,34.82208333333333
11475,24342836,24594212,251376,34.913333333333334
11487,24342836,24429700,86864,12.064444444444444
11501,24342836,24430194,87358,12.133055555555556
11583,24342852,24432179,89327,12.406527777777777
11604,24342854,24430207,87353,12.132361111111111
11608,24342854,24593532,250678,34.81638888888889
11614,24342854,24420821,77967,10.82875
11667,24342881,24429860,86979,12.080416666666666
11692,24342886,24433121,90235,12.532638888888888
11708,24342886,24592522,249636,34.67166666666667
11841,24342891,24429992,87101,12.09736111111111
11971,24342899,24592162,249263,34.61986111111111
12042,24342905,24594340,251435,34.921527777777776
12097,24342934,24432682,89748,12.465
12106,24342939,24430030,87091,12.095972222222223
12137,24342943,24430069,87126,12.100833333333334
12175,24342961,24592894,249933,34.712916666666665
12183,24342961,24593396,250435,34.78263888888889
12200,24342961,24593755,250794,34.8325
12207,24342961,24592748,249787,34.69263888888889
12246,24343019,24593828,250809,34.834583333333335
12267,24343047,24368178,25131,3.4904166666666665
12276,24343058,24343100,42,0.005833333333333334
12288,24343070,24368169,25099,3.4859722222222222
12317,24343273,24429033,85760,11.911111111111111
12323,24343273,24594087,250814,34.835277777777776
12339,24343273,24431089,87816,12.196666666666667
12340,24343273,24593484,250211,34.75152777777778
12361,24343273,24592473,249200,34.611111111111114
12400,24343273,24429240,85967,11.939861111111112
12462,24343292,24430197,86905,12.07013888888889
12518,24343311,24343337,26,0.003611111111111111
12545,24343318,24433560,90242,12.533611111111112
12550,24343318,24429997,86679,12.03875
12553,24343318,24592486,249168,34.60666666666667
12655,24343328,24433451,90123,12.517083333333334
12764,24343341,24430200,86859,12.06375
12839,24343358,24430001,86643,12.03375
12843,24343358,24432685,89327,12.406527777777777
12845,24343358,24592611,249253,34.61847222222222
12931,24343370,24592900,249530,34.65694444444444
12989,24343370,24431958,88588,12.303888888888888
13025,24343379,24392159,48780,6.775
13026,24343399,24350441,7042,0.9780555555555556
13041,24343413,24591985,248572,34.52388888888889
13092,24343413,24431251,87838,12.199722222222222
13097,24343413,24593697,250284,34.76166666666666
13104,24343413,24593055,249642,34.6725
13147,24343426,24432774,89348,12.409444444444444
13173,24343426,24433621,90195,12.527083333333334
13228,24343441,24591948,248507,34.51486111111111
13270,24343441,24431135,87694,12.179722222222223
13307,24343441,24429231,85790,11.915277777777778
13316,24343441,24429426,85985,11.942361111111111
13327,24343447,24429959,86512,12.015555555555556
13343,24343447,24432087,88640,12.311111111111112
13359,24343447,24593929,250482,34.78916666666667
13374,24343447,24593902,250455,34.78541666666667
13382,24343447,24429144,85697,11.90236111111111
13383,24343447,24592497,249050,34.59027777777778
13427,24343537,24392093,48556,6.743888888888889
13428,24343564,24534432,190868,26.509444444444444
13429,24343661,24534481,190820,26.502777777777776
13431,24343748,24535488,191740,26.630555555555556
13443,24343791,24535204,191413,26.58513888888889
13445,24343854,24343890,36,0.005
13446,24343959,24344000,41,0.005694444444444445
13447,24344146,24420837,76691,10.651527777777778
13455,24344168,24429275,85107,11.820416666666667
13456,24344168,24593561,249393,34.63791666666667
13458,24344174,24535504,191330,26.573611111111113
13473,24344177,24433797,89620,12.447222222222223
13475,24344177,24431679,87502,12.153055555555556
13521,24344195,24420837,76642,10.644722222222223
13616,24344276,24428973,84697,11.763472222222223
13633,24344416,24481522,137106,19.0425
13639,24344581,24344832,251,0.034861111111111114
13640,24344595,24344625,30,0.004166666666666667
13655,24344754,24431743,86989,12.081805555555556
13662,24344797,24392149,47352,6.576666666666667
13683,24345197,24345270,73,0.010138888888888888
13684,24345203,24429404,84201,11.694583333333334
13685,24345273,24376568,31295,4.346527777777778
13698,24345445,24432232,86787,12.05375
13700,24345447,24430651,85204,11.83388888888889
13716,24345510,24346727,1217,0.16902777777777778
13748,24345651,24427287,81636,11.338333333333333
13750,24345651,24427299,81648,11.34
13751,24345651,24427302,81651,11.340416666666666
13752,24345651,24427307,81656,11.341111111111111
13786,24345651,24592906,247255,34.34097222222222
13795,24345651,24427390,81739,11.352638888888889
13796,24345651,24427393,81742,11.353055555555555
13815,24345651,24427448,81797,11.360694444444444
13816,24345651,24593661,248010,34.44583333333333
13817,24345651,24427452,81801,11.36125
13827,24345717,24535585,189868,26.370555555555555
13885,24345784,24593668,247884,34.428333333333335
13943,24345930,24535260,189330,26.295833333333334
13945,24345952,24536839,190887,26.512083333333333
13947,24345958,24538592,192634,26.754722222222224
13950,24346010,24535468,189458,26.31361111111111
13951,24346021,24535454,189433,26.31013888888889
13962,24346083,24535528,189445,26.311805555555555
13963,24346088,24535541,189453,26.312916666666666
13965,24346096,24535249,189153,26.27125
13966,24346101,24536859,190758,26.49416666666667
13967,24346107,24535556,189449,26.312361111111112
13992,24346132,24536850,190718,26.488611111111112
14021,24346155,24535573,189418,26.308055555555555
14024,24346158,24536184,190026,26.3925
14025,24346159,24537406,191247,26.562083333333334
14031,24346162,24593673,247511,34.37652777777778
14046,24346181,24592767,246586,34.24805555555555
14162,24346209,24392167,45958,6.383055555555556
14267,24346237,24594200,247963,34.439305555555556
14328,24346253,24427847,81594,11.3325
14329,24346253,24427854,81601,11.333472222222222
14330,24346253,24427869,81616,11.335555555555555
14399,24346280,24536875,190595,26.471527777777776
14400,24346485,24346533,48,0.006666666666666667
14401,24346505,24420837,74332,10.323888888888888
14412,24346732,24427963,81231,11.282083333333333
14414,24346739,24427975,81236,11.282777777777778
14415,24346741,24427978,81237,11.282916666666667
14438,24346803,24534450,187647,26.062083333333334
14453,24346835,24428017,81182,11.275277777777777
14454,24346837,24428022,81185,11.275694444444444
14455,24346840,24428027,81187,11.275972222222222
14481,24346993,24429080,82087,11.400972222222222
14482,24346996,24593741,246745,34.27013888888889
14495,24347022,24392109,45087,6.262083333333333
14503,24347032,24428063,81031,11.254305555555556
14504,24347033,24428066,81033,11.254583333333333
14505,24347034,24428070,81036,11.255
14506,24347035,24592304,245269,34.06513888888889
14507,24347037,24428074,81037,11.255138888888888
14546,24347142,24428109,80967,11.245416666666667
14547,24347144,24428112,80968,11.245555555555555
14548,24347145,24428115,80970,11.245833333333334
14586,24347190,24428143,80953,11.243472222222222
14588,24347191,24392004,44813,6.224027777777778
14589,24347192,24428161,80969,11.245694444444444
14590,24347193,24428164,80971,11.245972222222223
14616,24347226,24592153,244927,34.01763888888889
14620,24347230,24592006,244776,33.99666666666667
14631,24347243,24593213,245970,34.1625
14632,24347244,24593103,245859,34.147083333333335
14639,24347253,24594102,246849,34.28458333333333
14645,24347260,24347432,172,0.02388888888888889
14663,24347278,24430153,82875,11.510416666666666
14717,24347371,24432548,85177,11.83013888888889
14721,24347375,24593763,246388,34.220555555555556
14724,24347378,24592503,245125,34.045138888888886
14765,24347424,24430942,83518,11.599722222222223
14824,24347494,24593526,246032,34.17111111111111
14848,24347630,24592623,244993,34.026805555555555
14850,24347632,24592507,244875,34.010416666666664
14869,24347654,24430257,82603,11.47263888888889
14881,24347669,24431147,83478,11.594166666666666
14919,24347785,24429677,81892,11.373888888888889
14940,24347807,24592818,245011,34.02930555555555
14953,24347822,24592945,245123,34.04486111111111
14980,24347851,24593339,245488,34.095555555555556
15042,24347892,24432928,85036,11.810555555555556
15058,24347901,24593371,245470,34.09305555555556
15072,24347908,24429266,81358,11.299722222222222
15118,24347932,24592328,244396,33.943888888888885
15132,24347946,24432637,84691,11.762638888888889
15137,24347954,24534615,186661,25.92513888888889
15175,24348183,24593802,245619,34.11375
15180,24348183,24430510,82327,11.434305555555556
15187,24348183,24428221,80038,11.116388888888888
15205,24348183,24433033,84850,11.784722222222221
15206,24348183,24430608,82425,11.447916666666666
15211,24348183,24429520,81337,11.296805555555556
15272,24348205,24429523,81318,11.294166666666667
15276,24348205,24592903,244698,33.98583333333333
15292,24348205,24593390,245185,34.053472222222226
15306,24348205,24430890,82685,11.484027777777778
15345,24348205,24429225,81020,11.252777777777778
15349,24348205,24429228,81023,11.253194444444444
15359,24348218,24592755,244537,33.96347222222222
15369,24348218,24432081,83863,11.647638888888888
15375,24348218,24593630,245412,34.085
15385,24348218,24430096,81878,11.371944444444445
15407,24348696,24536891,188195,26.138194444444444
15408,24348696,24535146,186450,25.895833333333332
15410,24348714,24536905,188191,26.13763888888889
15418,24348743,24594402,245659,34.119305555555556
15426,24348778,24594238,245460,34.09166666666667
15436,24348794,24593665,244871,34.009861111111114
15437,24348794,24433602,84808,11.778888888888888
15444,24348794,24592891,244097,33.90236111111111
15465,24348797,24594234,245437,34.08847222222222
15480,24348797,24432699,83902,11.653055555555556
15487,24348797,24430342,81545,11.325694444444444
15489,24348797,24592827,244030,33.893055555555556
15508,24348797,24432307,83510,11.598611111111111
15521,24348797,24432981,84184,11.692222222222222
15590,24348802,24433177,84375,11.71875
15646,24348805,24432977,84172,11.690555555555555
15681,24348827,24350629,1802,0.25027777777777777
15692,24348882,24433379,84497,11.735694444444444
15713,24348886,24433953,85067,11.814861111111112
15718,24348888,24535073,186185,25.85902777777778
15754,24348905,24430348,81443,11.311527777777778
15764,24348906,24433724,84818,11.780277777777778
15769,24348907,24592973,244066,33.89805555555556
15792,24348908,24593513,244605,33.97291666666667
15831,24348908,24429478,80570,11.190277777777778
15852,24348908,24593966,245058,34.035833333333336
15872,24348909,24430834,81925,11.378472222222221
15936,24348909,24433457,84548,11.742777777777778
15945,24348909,24431478,82569,11.467916666666667
15948,24348909,24433412,84503,11.736527777777777
15957,24348909,24593564,244655,33.97986111111111
16001,24348911,24547801,198890,27.62361111111111
16006,24348911,24427669,78758,10.938611111111111
16010,24348911,24433537,84626,11.75361111111111
16042,24348911,24431489,82578,11.469166666666666
16096,24348911,24429392,80481,11.177916666666667
16098,24348911,24433531,84620,11.752777777777778
16137,24348912,24433442,84530,11.740277777777777
16189,24348912,24430647,81735,11.352083333333333
16233,24348917,24534649,185732,25.79611111111111
16236,24348917,24430401,81484,11.317222222222222
16241,24348922,24430300,81378,11.3025
16258,24348932,24433549,84617,11.752361111111112
16272,24348938,24534590,185652,25.785
16275,24348939,24536310,187371,26.02375
16301,24348956,24594189,245233,34.060138888888886
16310,24348970,24534370,185400,25.75
16350,24349055,24593399,244344,33.93666666666667
16354,24349055,24429187,80132,11.129444444444445
16377,24349056,24433476,84420,11.725
16431,24349057,24431107,82050,11.395833333333334
16449,24349076,24593542,244466,33.95361111111111
16454,24349083,24430309,81226,11.28138888888889
16461,24349083,24431151,82068,11.398333333333333
16468,24349083,24429096,80013,11.112916666666667
16473,24349095,24433263,84168,11.69
16582,24349100,24432003,82903,11.514305555555556
16647,24349108,24429278,80170,11.134722222222223
16663,24349108,24593635,244527,33.96208333333333
16699,24349108,24593738,244630,33.97638888888889
16729,24349108,24593723,244615,33.97430555555555
16752,24349116,24430338,81222,11.280833333333334
16761,24349116,24430553,81437,11.310694444444444
16773,24349116,24593623,244507,33.95930555555555
16812,24349116,24431894,82778,11.496944444444445
16903,24349122,24431861,82739,11.491527777777778
16918,24349122,24429153,80031,11.115416666666667
17058,24349133,24433277,84144,11.686666666666667
17061,24349133,24433431,84298,11.708055555555555
17067,24349133,24481124,131991,18.332083333333333
17101,24349137,24433566,84429,11.72625
17134,24349137,24430737,81600,11.333333333333334
17209,24349148,24429581,80433,11.17125
17231,24349160,24431796,82636,11.477222222222222
17263,24349162,24432503,83341,11.575138888888889
17277,24349162,24430167,81005,11.250694444444445
17307,24349169,24430556,81387,11.30375
17355,24349173,24429126,79953,11.104583333333334
17394,24349175,24431084,81909,11.37625
17473,24349177,24430382,81205,11.278472222222222
17540,24349180,24431305,82125,11.40625
17571,24349180,24433727,84547,11.742638888888889
17572,24349180,24429584,80404,11.167222222222222
17727,24349202,24433945,84743,11.769861111111112
17732,24349202,24430161,80959,11.244305555555556
17771,24349203,24429190,79987,11.109305555555556
17788,24349210,24431997,82787,11.498194444444444
17812,24349210,24429817,80607,11.195416666666667
17858,24349212,24433221,84009,11.667916666666667
17876,24349212,24429814,80602,11.194722222222222
17903,24349214,24430849,81635,11.338194444444444
17924,24349214,24433328,84114,11.6825
17935,24349214,24433973,84759,11.772083333333333
17967,24349214,24431142,81928,11.37888888888889
17981,24349217,24429518,80301,11.152916666666666
18017,24349217,24432030,82813,11.501805555555556
18079,24349219,24433525,84306,11.709166666666667
18145,24349221,24430696,81475,11.315972222222221
18164,24349221,24433174,83953,11.66013888888889
18208,24349224,24432046,82822,11.503055555555555
18211,24349224,24433213,83989,11.665138888888889
18381,24349254,24433828,84574,11.74638888888889
18440,24349258,24429388,80130,11.129166666666666
18534,24349268,24392199,42931,5.962638888888889
18669,24349299,24432640,83341,11.575138888888889
18699,24349300,24433969,84669,11.759583333333333
18727,24349302,24433553,84251,11.701527777777779
18740,24349302,24430567,81265,11.286805555555556
18846,24349308,24432043,82735,11.490972222222222
18909,24349311,24432122,82811,11.501527777777778
18938,24349315,24433685,84370,11.718055555555555
18966,24349319,24430616,81297,11.29125
18976,24349319,24433331,84012,11.668333333333333
18991,24349320,24430260,80940,11.241666666666667
19008,24349321,24431301,81980,11.386111111111111
19048,24349328,24430662,81334,11.296388888888888
19053,24349328,24430306,80978,11.246944444444445
19098,24349393,24430699,81306,11.2925
19103,24349393,24432790,83397,11.582916666666666
19124,24349543,24534658,185115,25.710416666666667
19137,24349769,24430289,80520,11.183333333333334
19156,24349771,24433249,83478,11.594166666666666
19159,24349772,24429085,79313,11.015694444444444
19249,24349780,24430239,80459,11.174861111111111
19281,24349791,24431888,82097,11.40236111111111
19297,24349825,24534754,184929,25.684583333333332
19324,24349847,24431850,82003,11.389305555555556
19357,24349848,24433652,83804,11.639444444444445
19441,24349854,24429384,79530,11.045833333333333
19528,24349858,24433804,83946,11.659166666666666
19770,24349878,24431837,81959,11.383194444444445
19836,24349897,24432000,82103,11.403194444444445
19837,24349910,24349958,48,0.006666666666666667
19841,24350131,24392168,42037,5.838472222222222
19871,24350175,24420821,70646,9.811944444444444
19889,24350184,24421280,71096,9.874444444444444
19897,24350196,24534744,184548,25.631666666666668
19934,24350218,24430164,79946,11.10361111111111
19969,24350246,24433743,83497,11.596805555555555
20014,24350327,24350351,24,0.0033333333333333335
20015,24350328,24421281,70953,9.854583333333334
20016,24350350,24421281,70931,9.851527777777777
20017,24350392,24534687,184295,25.596527777777776
20018,24350429,24420821,70392,9.776666666666667
20019,24350440,24350452,12,0.0016666666666666668
20020,24350448,24420821,70373,9.774027777777778
20021,24350464,24420822,70358,9.771944444444445
20022,24350477,24420822,70345,9.770138888888889
20023,24350494,24421281,70787,9.831527777777778
20024,24350505,24420826,70321,9.766805555555555
20028,24350523,24433454,82931,11.518194444444445
20029,24350525,24420828,70303,9.764305555555556
20142,24350693,24428920,78227,10.86486111111111
20144,24350693,24428935,78242,10.866944444444444
20145,24350693,24428939,78246,10.8675
20260,24350702,24429044,78342,10.880833333333333
20316,24350704,24431285,80581,11.191805555555556
20390,24350712,24433266,82554,11.465833333333334
20461,24350717,24433406,82689,11.484583333333333
20462,24350717,24431897,81180,11.275
20530,24350718,24433656,82938,11.519166666666667
20591,24350718,24433367,82649,11.479027777777778
20765,24350723,24430345,79622,11.05861111111111
20812,24350728,24433964,83236,11.560555555555556
20843,24350728,24430242,79514,11.043611111111112
20863,24350728,24433720,82992,11.526666666666667
20889,24350756,24429422,78666,10.925833333333333
20977,24350804,24431353,80549,11.18736111111111
21002,24350818,24433298,82480,11.455555555555556
21019,24350827,24433217,82390,11.443055555555556
21112,24350883,24429484,78601,10.916805555555555
21145,24350904,24536168,185264,25.73111111111111
21164,24350913,24431288,80375,11.163194444444445
21220,24350944,24433183,82239,11.422083333333333
21236,24350953,24429481,78528,10.906666666666666
21242,24350956,24429282,78326,10.87861111111111
21252,24350964,24430158,79194,10.999166666666667
21267,24350971,24430406,79435,11.032638888888888
21404,24351056,24432036,80980,11.247222222222222
21484,24351099,24430710,79611,11.057083333333333
21499,24351106,24427356,76250,10.590277777777779
21524,24351121,24427494,76373,10.60736111111111
21525,24351121,24427497,76376,10.607777777777779
21548,24351136,24373601,22465,3.120138888888889
21549,24351136,24427524,76388,10.609444444444444
21551,24351137,24427535,76398,10.610833333333334
21552,24351155,24427541,76386,10.609166666666667
21564,24351159,24427578,76419,10.61375
21584,24351167,24427672,76505,10.625694444444445
21585,24351167,24427675,76508,10.626111111111111
21586,24351167,24427678,76511,10.626527777777778
21616,24351172,24427770,76598,10.63861111111111
21617,24351172,24427773,76601,10.639027777777779
21630,24351174,24427809,76635,10.64375
21642,24351178,24427866,76688,10.651111111111112
21649,24351178,24427959,76781,10.664027777777777
21674,24351182,24428198,77016,10.696666666666667
21675,24351182,24428201,77019,10.697083333333333
21676,24351182,24428205,77023,10.69763888888889
21677,24351182,24592369,241187,33.498194444444444
21681,24351182,24592105,240923,33.461527777777775
21684,24351182,24592108,240926,33.46194444444444
21694,24351182,24592022,240840,33.45
21699,24351182,24428239,77057,10.702361111111111
21700,24351182,24428245,77063,10.703194444444444
21701,24351182,24428250,77068,10.703888888888889
21703,24351182,24592391,241209,33.50125
21711,24351184,24592038,240854,33.45194444444444
21716,24351184,24594176,242992,33.74888888888889
21720,24351184,24594133,242949,33.742916666666666
21722,24351184,24428339,77155,10.715972222222222
21727,24351184,24428401,77217,10.724583333333333
21760,24351185,24429626,78441,10.894583333333333
21772,24351185,24431810,80625,11.197916666666666
21811,24351192,24433273,82081,11.40013888888889
21885,24351205,24429434,78229,10.86513888888889
21953,24351208,24431853,80645,11.200694444444444
21963,24351212,24421281,70069,9.731805555555555
21997,24351220,24429040,77820,10.808333333333334
22004,24351220,24430644,79424,11.03111111111111
22126,24351243,24429487,78244,10.867222222222223
22166,24351245,24430394,79149,10.992916666666666
22188,24351249,24432793,81544,11.325555555555555
22195,24351249,24430297,79048,10.97888888888889
22219,24351251,24433253,82002,11.389166666666666
22223,24351251,24433334,82083,11.400416666666667
22281,24351260,24432133,80873,11.23236111111111
22298,24351261,24433730,82469,11.454027777777778
22346,24351263,24433258,81995,11.388194444444444
22462,24351276,24429490,78214,10.863055555555556
22517,24351280,24433162,81882,11.3725
22553,24351281,24430351,79070,10.981944444444444
22582,24351427,24392178,40751,5.659861111111111
22588,24351578,24534377,182799,25.38875
22590,24351615,24536834,185219,25.72486111111111
22592,24351772,24534223,182451,25.340416666666666
22594,24351825,24534244,182419,25.33597222222222
22595,24351859,24421281,69422,9.641944444444444
22596,24351894,24421281,69387,9.637083333333333
22598,24351975,24538579,186604,25.91722222222222
22599,24351996,24536809,184813,25.66847222222222
22600,24352037,24429565,77528,10.767777777777777
22601,24352128,24421281,69153,9.604583333333334
22602,24352310,24352533,223,0.030972222222222224
22604,24352400,24420826,68426,9.50361111111111
22610,24352801,24536086,183285,25.45625
22617,24353322,24429395,76073,10.565694444444444
22618,24353346,24429339,75993,10.554583333333333
22628,24353445,24392162,38717,5.377361111111111
22629,24353519,24536112,182593,25.36013888888889
22630,24353584,24428958,75374,10.46861111111111
22631,24353638,24421282,67644,9.395
22633,24353863,24428963,75100,10.430555555555555
22634,24354072,24538560,184488,25.623333333333335
22637,24354464,24428947,74483,10.344861111111111
22639,24354519,24538564,184045,25.561805555555555
22640,24354658,24354830,172,0.02388888888888889
22660,24354931,24420834,65903,9.153194444444445
22661,24355086,24420828,65742,9.130833333333333
22662,24355121,24534819,179698,24.958055555555557
22665,24355687,24392190,36503,5.069861111111111
22669,24356063,24356142,79,0.010972222222222222
22670,24356215,24536780,180565,25.07847222222222
22673,24356901,24392192,35291,4.901527777777778
22674,24356936,24357048,112,0.015555555555555555
22675,24357025,24534837,177812,24.69611111111111
22682,24357649,24392195,34546,4.798055555555556
22687,24357848,24420826,62978,8.746944444444445
22688,24357862,24357929,67,0.009305555555555555
22690,24357977,24358014,37,0.005138888888888889
22691,24358002,24392144,34142,4.741944444444444
22693,24358055,24358080,25,0.003472222222222222
22696,24358445,24536758,178313,24.765694444444446
22697,24358917,24430037,71120,9.877777777777778
22701,24359054,24392111,33057,4.59125
22703,24359219,24429551,70332,9.768333333333333
22706,24359550,24430475,70925,9.850694444444445
22714,24360110,24360227,117,0.01625
22715,24360142,24361127,985,0.13680555555555557
22717,24360216,24420826,60610,8.418055555555556
22721,24360876,24361014,138,0.019166666666666665
22727,24361311,24427929,66618,9.2525
22732,24361729,24433599,71870,9.981944444444444
22733,24361814,24392196,30382,4.219722222222222
22734,24361910,24432312,70402,9.778055555555556
22741,24363098,24429637,66539,9.241527777777778
22743,24363226,24392153,28927,4.0176388888888885
22744,24363390,24420837,57447,7.97875
22745,24363420,24427932,64512,8.96
22747,24363566,24392064,28498,3.9580555555555557
22748,24363694,24534859,171165,23.772916666666667
22750,24363699,24429546,65847,9.145416666666666
22753,24363997,24432404,68407,9.500972222222222
22759,24364886,24427935,63049,8.756805555555555
22761,24365013,24420837,55824,7.753333333333333
22763,24365216,24534277,169061,23.480694444444445
22769,24365765,24429417,63652,8.840555555555556
22771,24365879,24373435,7556,1.0494444444444444
22775,24365999,24420837,54838,7.616388888888889
22776,24366087,24430864,64777,8.996805555555556
22778,24366239,24446504,80265,11.147916666666667
22780,24366397,24432643,66246,9.200833333333334
22783,24366733,24392197,25464,3.5366666666666666
22785,24366901,24420826,53925,7.489583333333333
22786,24366998,24392189,25191,3.49875
22791,24367501,24421282,53781,7.4695833333333335
22792,24367587,24429543,61956,8.605
22797,24368175,24433733,65558,9.105277777777777
22798,24368198,24534878,166680,23.15
22803,24368364,24429563,61199,8.49986111111111
22813,24369057,24433351,64294,8.929722222222223
22820,24369452,24429376,59924,8.322777777777778
22821,24369553,24429036,59483,8.261527777777777
22823,24369679,24430875,61196,8.499444444444444
22830,24370597,24534293,163696,22.735555555555557
22831,24370790,24538828,168038,23.33861111111111
22836,24371465,24593726,222261,30.869583333333335
22838,24371526,24392198,20672,2.871111111111111
22848,24372949,24429183,56234,7.810277777777777
22859,24373350,24433563,60213,8.362916666666667
22861,24373425,24540984,167559,23.272083333333335
22862,24373552,24388043,14491,2.012638888888889
22863,24373723,24541043,167320,23.238888888888887
22864,24373734,24541023,167289,23.234583333333333
22869,24373855,24431486,57631,8.004305555555556
22870,24373863,24536366,162503,22.569861111111113
22874,24373888,24540089,166201,23.083472222222223
22875,24373891,24539422,165531,22.99041666666667
22876,24373895,24538846,164951,22.909861111111113
22877,24373899,24540096,166197,23.082916666666666
22879,24374119,24538555,164436,22.838333333333335
22880,24374129,24538813,164684,22.872777777777777
22882,24374448,24429369,54921,7.627916666666667
22887,24377108,24536423,159315,22.127083333333335
22888,24377467,24421282,43815,6.085416666666666
22890,24377695,24386971,9276,1.2883333333333333
22891,24377842,24433957,56115,7.79375
22895,24377943,24421282,43339,6.0193055555555555
22896,24378056,24536394,158338,21.99138888888889
22897,24378681,24427938,49257,6.84125
22898,24378691,24427941,49250,6.840277777777778
22899,24378911,24386901,7990,1.1097222222222223
22911,24380323,24540387,160064,22.23111111111111
22912,24380330,24540071,159741,22.18625
22923,24380813,24538528,157715,21.90486111111111
22924,24381021,24537102,156081,21.67791666666667
22930,24384043,24480337,96294,13.374166666666667
22931,24384045,24480359,96314,13.376944444444444
22932,24384045,24480507,96462,13.3975
22938,24384187,24536740,152553,21.187916666666666
22945,24384378,24420837,36459,5.06375
22965,24385603,24421282,35679,4.955416666666666
22966,24385806,24427334,41528,5.767777777777778
22968,24385911,24427337,41426,5.753611111111111
22969,24386311,24536341,150030,20.8375
22973,24386467,24427340,40873,5.676805555555555
22977,24386875,24534795,147920,20.544444444444444
22978,24386896,24427349,40453,5.6184722222222225
22979,24386900,24427894,40994,5.693611111111111
22986,24387225,24534303,147078,20.4275
22987,24387524,24420826,33302,4.625277777777778
22988,24387577,24420828,33251,4.618194444444445
22989,24387595,24421282,33687,4.67875
22990,24387673,24420826,33153,4.604583333333333
22991,24387693,24420828,33135,4.602083333333334
22992,24387708,24420826,33118,4.599722222222222
22993,24387713,24420826,33113,4.599027777777778
22994,24387727,24420844,33117,4.599583333333333
22995,24387739,24420844,33105,4.597916666666666
22996,24387743,24420826,33083,4.594861111111111
22997,24387743,24420826,33083,4.594861111111111
22998,24387744,24480657,92913,12.904583333333333
22999,24387758,24420831,33073,4.593472222222222
23000,24387764,24420844,33080,4.594444444444444
23001,24387765,24420831,33066,4.5925
23003,24387778,24420844,33066,4.5925
23004,24387785,24420826,33041,4.589027777777778
23005,24387793,24420844,33051,4.590416666666667
23006,24387801,24420826,33025,4.586805555555555
23007,24387814,24420831,33017,4.585694444444444
23008,24387831,24421284,33453,4.64625
23009,24387837,24420844,33007,4.584305555555556
23010,24387844,24420826,32982,4.5808333333333335
23011,24387848,24421284,33436,4.643888888888889
23012,24387858,24420831,32973,4.579583333333333
23013,24387861,24421284,33423,4.642083333333333
23014,24387872,24420826,32954,4.576944444444444
23015,24387886,24420839,32953,4.576805555555556
23016,24387888,24399842,11954,1.6602777777777777
23017,24387902,24420831,32929,4.573472222222223
23018,24387907,24420831,32924,4.572777777777778
23019,24387914,24420831,32917,4.571805555555556
23020,24387934,24420831,32897,4.5690277777777775
23032,24388503,24388634,131,0.018194444444444444
23034,24388544,24542034,153490,21.318055555555556
23036,24388690,24420844,32154,4.465833333333333
23037,24388787,24388793,6,0.0008333333333333334
23038,24388802,24388815,13,0.0018055555555555555
23040,24388816,24388847,31,0.0043055555555555555
23042,24388957,24389266,309,0.042916666666666665
23043,24388993,24540321,151328,21.017777777777777
23044,24388993,24540305,151312,21.015555555555554
23045,24388993,24540292,151299,21.01375
23046,24388993,24538795,149802,20.805833333333332
23047,24388993,24538784,149791,20.804305555555555
23051,24389057,24538767,149710,20.793055555555554
23052,24389057,24537011,147954,20.549166666666668
23053,24389057,24537008,147951,20.54875
23054,24389057,24536995,147938,20.546944444444446
23058,24389103,24480957,91854,12.7575
23059,24389131,24389288,157,0.021805555555555557
23060,24389136,24481102,91966,12.773055555555555
23065,24389140,24420844,31704,4.403333333333333
23067,24389146,24420844,31698,4.4025
23068,24389157,24420844,31687,4.400972222222222
23073,24389182,24432411,43229,6.004027777777778
23077,24389252,24389260,8,0.0011111111111111111
23078,24389266,24427405,38139,5.297083333333333
23106,24390295,24429348,39053,5.424027777777778
23121,24390960,24534895,143935,19.990972222222222
23126,24391363,24420844,29481,4.0945833333333335
23127,24391372,24541818,150446,20.89527777777778
23131,24392929,24420844,27915,3.877083333333333
23132,24393335,24420844,27509,3.8206944444444444
23148,24396330,24481474,85144,11.825555555555555
23149,24396331,24481550,85219,11.835972222222223
23150,24396332,24481626,85294,11.846388888888889
23159,24398995,24429394,30399,4.222083333333333
23160,24399089,24420844,21755,3.0215277777777776
23166,24401365,24540353,138988,19.30388888888889
23167,24401375,24540020,138645,19.25625
23168,24401861,24538465,136604,18.97277777777778
23169,24401898,24540038,138140,19.18611111111111
23170,24401909,24534257,132348,18.381666666666668
23171,24401976,24540330,138354,19.215833333333332
23172,24401991,24534260,132269,18.370694444444446
23173,24402050,24540052,138002,19.166944444444443
23174,24402063,24538437,136374,18.940833333333334
23175,24402068,24429573,27505,3.8201388888888888
23176,24402127,24536663,134536,18.685555555555556
23178,24402203,24536673,134470,18.676388888888887
23179,24402212,24536695,134483,18.678194444444443
23181,24402273,24538469,136196,18.91611111111111
23182,24402285,24539485,137200,19.055555555555557
23183,24402347,24537699,135352,18.79888888888889
23193,24403183,24432554,29371,4.079305555555556
23195,24403195,24534250,131055,18.202083333333334
23199,24403217,24541696,138479,19.233194444444443
23200,24403222,24431807,28585,3.970138888888889
23205,24403482,24428332,24850,3.451388888888889
23206,24403502,24431492,27990,3.8875
23246,24403757,24429644,25887,3.5954166666666665
23280,24403863,24430952,27089,3.7623611111111113
23311,24404919,24420826,15907,2.2093055555555554
23329,24405449,24482449,77000,10.694444444444445
23330,24405453,24483045,77592,10.776666666666667
23331,24405454,24483344,77890,10.818055555555556
23376,24406015,24427479,21464,2.9811111111111113
23377,24406119,24427483,21364,2.9672222222222224
23384,24406142,24430894,24752,3.437777777777778
23419,24406715,24420831,14116,1.9605555555555556
23420,24406785,24432294,25509,3.5429166666666667
23469,24409250,24538891,129641,18.005694444444444
23476,24409373,24538875,129502,17.98638888888889
23481,24409412,24537026,127614,17.724166666666665
23482,24409419,24536637,127218,17.669166666666666
23483,24409423,24536628,127205,17.667361111111113
23484,24409427,24536611,127184,17.664444444444445
23499,24409720,24427800,18080,2.511111111111111
23500,24409722,24428275,18553,2.5768055555555556
23501,24409722,24428278,18556,2.5772222222222223
23502,24409722,24428282,18560,2.577777777777778
23503,24409722,24428285,18563,2.5781944444444442
23504,24409722,24428289,18567,2.57875
23506,24409722,24428300,18578,2.580277777777778
23509,24409722,24428303,18581,2.5806944444444446
23510,24409722,24428306,18584,2.581111111111111
23511,24409722,24591967,182245,25.311805555555555
23512,24409722,24427623,17901,2.48625
23513,24409722,24427628,17906,2.4869444444444446
23514,24409722,24427632,17910,2.4875
23515,24409722,24427635,17913,2.4879166666666666
23516,24409722,24427666,17944,2.4922222222222223
23517,24409722,24428268,18546,2.575833333333333
23532,24409968,24535977,126009,17.50125
23548,24410234,24535968,125734,17.463055555555556
23550,24410246,24432486,22240,3.088888888888889
23564,24410350,24541728,131378,18.246944444444445
23568,24410371,24554075,143704,19.95888888888889
23569,24410377,24541573,131196,18.221666666666668
23570,24410395,24554061,143666,19.953611111111112
23571,24410408,24540952,130544,18.13111111111111
23572,24410418,24540921,130503,18.125416666666666
23573,24410423,24540892,130469,18.120694444444446
23574,24410427,24540445,130018,18.058055555555555
23577,24410436,24540417,129981,18.05291666666667
23578,24410441,24539989,129548,17.99277777777778
23580,24410451,24429647,19196,2.6661111111111113
23587,24410485,24558796,148311,20.59875
23588,24410496,24539985,129489,17.984583333333333
23589,24410506,24539980,129474,17.9825
23606,24410899,24420831,9932,1.3794444444444445
23629,24412666,24427804,15138,2.1025
23634,24412694,24427712,15018,2.0858333333333334
23635,24412694,24427715,15021,2.08625
23643,24412773,24483945,71172,9.885
23644,24413293,24484244,70951,9.854305555555555
23645,24413364,24420844,7480,1.038888888888889
23652,24413378,24430740,17362,2.411388888888889
23656,24413524,24420844,7320,1.0166666666666666
23657,24413624,24534996,121372,16.857222222222223
23658,24413737,24427718,13981,1.9418055555555556
23659,24413738,24427721,13983,1.9420833333333334
23660,24413746,24427724,13978,1.9413888888888888
23664,24416451,24539611,123160,17.105555555555554
23665,24416456,24534928,118472,16.454444444444444
23667,24416466,24538376,121910,16.931944444444444
23668,24416470,24538349,121879,16.92763888888889
23670,24416480,24538331,121851,16.92375
23725,24416507,24430755,14248,1.978888888888889
23802,24416528,24430749,14221,1.975138888888889
23821,24416528,24427762,11234,1.5602777777777779
23823,24416528,24430751,14223,1.9754166666666666
23922,24416562,24540831,124269,17.25958333333333
23923,24416573,24540473,123900,17.208333333333332
23924,24416577,24539972,123395,17.138194444444444
23925,24416581,24537129,120548,16.74277777777778
23926,24416586,24541504,124918,17.349722222222223
23927,24416590,24539941,123351,17.132083333333334
23928,24416594,24538860,122266,16.98138888888889
23929,24416598,24541530,124932,17.351666666666667
23932,24417628,24540859,123231,17.11541666666667
23933,24417633,24540800,123167,17.106527777777778
23946,24418317,24432263,13946,1.9369444444444444
23953,24423603,24534911,111308,15.459444444444445
23957,24424532,24539912,115380,16.025
23958,24424537,24541536,116999,16.249861111111112
23959,24424541,24431481,6940,0.9638888888888889
23961,24424550,24535942,111392,15.471111111111112
23963,24424560,24431793,7233,1.0045833333333334
23964,24424566,24539256,114690,15.929166666666667
23966,24425709,24541351,115642,16.06138888888889
23973,24426547,24535906,109359,15.18875
23981,24428399,24428432,33,0.004583333333333333
23982,24428405,24428435,30,0.004166666666666667
23983,24428704,24428713,9,0.00125
23992,24430895,24430931,36,0.005
23999,24432167,24542635,110468,15.342777777777778
24000,24432168,24542622,110454,15.340833333333334
24003,24432206,24542595,110389,15.331805555555556
24006,24432379,24432407,28,0.0038888888888888888
24008,24432383,24432394,11,0.0015277777777777779
24012,24432457,24432492,35,0.004861111111111111
24017,24432774,24432820,46,0.006388888888888889
24021,24433193,24433210,17,0.002361111111111111
24038,24436121,24593010,156889,21.79013888888889
24061,24440210,24535020,94810,13.168055555555556
24078,24440871,24486041,45170,6.273611111111111
24079,24440891,24486113,45222,6.280833333333334
24080,24440893,24486187,45294,6.2908333333333335
24100,24440997,24541555,100558,13.966388888888888
24138,24441343,24486335,44992,6.248888888888889
24139,24441358,24486409,45051,6.257083333333333
24140,24441360,24486484,45124,6.267222222222222
24163,24441686,24534967,93281,12.955694444444445
24171,24442977,24574296,131319,18.23875
24174,24444763,24446908,2145,0.29791666666666666
24198,24446251,24486635,40384,5.608888888888889
24199,24446252,24486734,40482,5.6225
24200,24446268,24486809,40541,5.630694444444444
24499,24452979,24593279,140300,19.48611111111111
24502,24452979,24592140,139161,19.327916666666667
24505,24452979,24593259,140280,19.483333333333334
24506,24452979,24593256,140277,19.482916666666668
24508,24452979,24593249,140270,19.481944444444444
24509,24452979,24594084,141105,19.597916666666666
24512,24452979,24593264,140285,19.48402777777778
24513,24452979,24593207,140228,19.476111111111113
24516,24452979,24593234,140255,19.479861111111113
24521,24452979,24594081,141102,19.5975
24523,24452979,24593216,140237,19.47736111111111
24524,24452979,24593219,140240,19.477777777777778
24528,24452979,24592173,139194,19.3325
24529,24452979,24593283,140304,19.486666666666668
24530,24452979,24593426,140447,19.506527777777777
24539,24452979,24594259,141280,19.622222222222224
24541,24452979,24594357,141378,19.635833333333334
25255,24470374,24492530,22156,3.0772222222222223
25459,24471851,24471883,32,0.0044444444444444444
25460,24471852,24471889,37,0.005138888888888889
25461,24471853,24471913,60,0.008333333333333333
25462,24471854,24471920,66,0.009166666666666667
25463,24471857,24471929,72,0.01
25464,24471858,24471939,81,0.01125
25465,24471859,24471945,86,0.011944444444444445
25466,24471860,24471953,93,0.012916666666666667
25477,24475305,24484357,9052,1.2572222222222222
26345,24506897,24522567,15670,2.176388888888889
27896,24540455,24591999,51544,7.158888888888889
27897,24540472,24592177,51705,7.18125
27898,24540698,24592812,52114,7.2380555555555555
28268,24577859,24578334,475,0.06597222222222222
28363,24591959,24592092,133,0.018472222222222223
28364,24593460,24593619,159,0.022083333333333333
