agentId,weighted_degree,betweenness,pagerank
6888,1598.0,0.02911491448472005,0.0018236035783698445
22690,1587.0,0.009990029465159516,0.0013529679599278905
6817,1572.0,0.009990029465159516,0.0013334406439468739
23645,1567.0,0.009990029465159516,0.0013269196299305905
19889,1567.0,0.009990029465159516,0.0013269196299305905
13640,1567.0,0.009990029465159516,0.0013269196299305905
22701,1567.0,0.009990029465159516,0.0013269196299305905
10841,1567.0,0.009990029465159516,0.0013269196299305905
10303,1448.0,0.010492430203372203,0.001173850677244199
2364,1434.0,0.009771653261296935,0.0011385195547241255
22697,1432.0,0.00980203965502087,0.0011358259222105733
22882,1432.0,0.00980203965502087,0.0011358259222105733
22703,1432.0,0.00980203965502087,0.0011358259222105733
22727,1432.0,0.00980203965502087,0.0011358259222105733
22732,1432.0,0.00980203965502087,0.0011358259222105733
22734,1432.0,0.00980203965502087,0.0011358259222105733
22869,1432.0,0.00980203965502087,0.0011358259222105733
23963,1432.0,0.00980203965502087,0.0011358259222105733
22741,1432.0,0.00980203965502087,0.0011358259222105733
22745,1432.0,0.00980203965502087,0.0011358259222105733
22859,1432.0,0.00980203965502087,0.0011358259222105733
22848,1432.0,0.00980203965502087,0.0011358259222105733
22750,1432.0,0.00980203965502087,0.0011358259222105733
22759,1432.0,0.00980203965502087,0.0011358259222105733
22823,1432.0,0.00980203965502087,0.0011358259222105733
22797,1432.0,0.00980203965502087,0.0011358259222105733
22776,1432.0,0.00980203965502087,0.0011358259222105733
23073,1432.0,0.00980203965502087,0.0011358259222105733
23193,1432.0,0.00980203965502087,0.0011358259222105733
23040,1432.0,0.00980203965502087,0.0011358259222105733
23580,1432.0,0.00980203965502087,0.0011358259222105733
23550,1432.0,0.00980203965502087,0.0011358259222105733
23953,1432.0,0.00980203965502087,0.0011358259222105733
23959,1432.0,0.00980203965502087,0.0011358259222105733
10284,1101.0,6.165746840209436e-07,0.0007132124087543271
10821,1101.0,6.165746840209436e-07,0.0007132124087543271
10782,1101.0,6.165746840209436e-07,0.0007132124087543271
10781,1101.0,6.165746840209436e-07,0.0007132124087543271
10830,1101.0,6.165746840209436e-07,0.0007132124087543271
10283,1101.0,6.165746840209436e-07,0.0007132124087543271
10285,1101.0,6.165746840209436e-07,0.0007132124087543271
10664,1101.0,6.165746840209436e-07,0.0007132124087543271
10643,1101.0,6.165746840209436e-07,0.0007132124087543271
10298,1101.0,6.165746840209436e-07,0.0007132124087543271
10642,1101.0,6.165746840209436e-07,0.0007132124087543271
10625,1101.0,6.165746840209436e-07,0.0007132124087543271
10476,1101.0,6.165746840209436e-07,0.0007132124087543271
10612,1101.0,6.165746840209436e-07,0.0007132124087543271
10475,1101.0,6.165746840209436e-07,0.0007132124087543271
10601,1101.0,6.165746840209436e-07,0.0007132124087543271
10557,1101.0,6.165746840209436e-07,0.0007132124087543271
10302,1101.0,6.165746840209436e-07,0.0007132124087543271
10549,1101.0,6.165746840209436e-07,0.0007132124087543271
10305,1101.0,6.165746840209436e-07,0.0007132124087543271
10530,1101.0,6.165746840209436e-07,0.0007132124087543271
10498,1101.0,6.165746840209436e-07,0.0007132124087543271
10477,1101.0,6.165746840209436e-07,0.0007132124087543271
10328,1101.0,6.165746840209436e-07,0.0007132124087543271
10340,1101.0,6.165746840209436e-07,0.0007132124087543271
10359,1101.0,6.165746840209436e-07,0.0007132124087543271
10410,1101.0,6.165746840209436e-07,0.0007132124087543271
10299,1101.0,6.165746840209436e-07,0.0007132124087543271
4452,1101.0,6.165746840209436e-07,0.0007132124087543271
10268,1101.0,6.165746840209436e-07,0.0007132124087543271
9408,1101.0,6.165746840209436e-07,0.0007132124087543271
9449,1101.0,6.165746840209436e-07,0.0007132124087543271
9440,1101.0,6.165746840209436e-07,0.0007132124087543271
9438,1101.0,6.165746840209436e-07,0.0007132124087543271
9431,1101.0,6.165746840209436e-07,0.0007132124087543271
9421,1101.0,6.165746840209436e-07,0.0007132124087543271
9417,1101.0,6.165746840209436e-07,0.0007132124087543271
9416,1101.0,6.165746840209436e-07,0.0007132124087543271
9410,1101.0,6.165746840209436e-07,0.0007132124087543271
9409,1101.0,6.165746840209436e-07,0.0007132124087543271
9405,1101.0,6.165746840209436e-07,0.0007132124087543271
10233,1101.0,6.165746840209436e-07,0.0007132124087543271
9339,1101.0,6.165746840209436e-07,0.0007132124087543271
9193,1101.0,6.165746840209436e-07,0.0007132124087543271
9123,1101.0,6.165746840209436e-07,0.0007132124087543271
9076,1101.0,6.165746840209436e-07,0.0007132124087543271
9040,1101.0,6.165746840209436e-07,0.0007132124087543271
9018,1101.0,6.165746840209436e-07,0.0007132124087543271
8912,1101.0,6.165746840209436e-07,0.0007132124087543271
8851,1101.0,6.165746840209436e-07,0.0007132124087543271
8833,1101.0,6.165746840209436e-07,0.0007132124087543271
9582,1101.0,6.165746840209436e-07,0.0007132124087543271
9619,1101.0,6.165746840209436e-07,0.0007132124087543271
9629,1101.0,6.165746840209436e-07,0.0007132124087543271
9649,1101.0,6.165746840209436e-07,0.0007132124087543271
10232,1101.0,6.165746840209436e-07,0.0007132124087543271
10218,1101.0,6.165746840209436e-07,0.0007132124087543271
10833,1101.0,6.165746840209436e-07,0.0007132124087543271
10172,1101.0,6.165746840209436e-07,0.0007132124087543271
10126,1101.0,6.165746840209436e-07,0.0007132124087543271
10122,1101.0,6.165746840209436e-07,0.0007132124087543271
10106,1101.0,6.165746840209436e-07,0.0007132124087543271
10066,1101.0,6.165746840209436e-07,0.0007132124087543271
10061,1101.0,6.165746840209436e-07,0.0007132124087543271
10048,1101.0,6.165746840209436e-07,0.0007132124087543271
9919,1101.0,6.165746840209436e-07,0.0007132124087543271
9908,1101.0,6.165746840209436e-07,0.0007132124087543271
9885,1101.0,6.165746840209436e-07,0.0007132124087543271
9841,1101.0,6.165746840209436e-07,0.0007132124087543271
9827,1101.0,6.165746840209436e-07,0.0007132124087543271
9777,1101.0,6.165746840209436e-07,0.0007132124087543271
9764,1101.0,6.165746840209436e-07,0.0007132124087543271
9744,1101.0,6.165746840209436e-07,0.0007132124087543271
9693,1101.0,6.165746840209436e-07,0.0007132124087543271
10217,1101.0,6.165746840209436e-07,0.0007132124087543271
10891,1101.0,6.165746840209436e-07,0.0007132124087543271
10844,1101.0,6.165746840209436e-07,0.0007132124087543271
12550,1101.0,6.165746840209436e-07,0.0007132124087543271
13374,1101.0,6.165746840209436e-07,0.0007132124087543271
13359,1101.0,6.165746840209436e-07,0.0007132124087543271
13343,1101.0,6.165746840209436e-07,0.0007132124087543271
13327,1101.0,6.165746840209436e-07,0.0007132124087543271
13316,1101.0,6.165746840209436e-07,0.0007132124087543271
13307,1101.0,6.165746840209436e-07,0.0007132124087543271
13270,1101.0,6.165746840209436e-07,0.0007132124087543271
13228,1101.0,6.165746840209436e-07,0.0007132124087543271
13173,1101.0,6.165746840209436e-07,0.0007132124087543271
13147,1101.0,6.165746840209436e-07,0.0007132124087543271
13104,1101.0,6.165746840209436e-07,0.0007132124087543271
13097,1101.0,6.165746840209436e-07,0.0007132124087543271
13092,1101.0,6.165746840209436e-07,0.0007132124087543271
13041,1101.0,6.165746840209436e-07,0.0007132124087543271
12989,1101.0,6.165746840209436e-07,0.0007132124087543271
12931,1101.0,6.165746840209436e-07,0.0007132124087543271
12845,1101.0,6.165746840209436e-07,0.0007132124087543271
12843,1101.0,6.165746840209436e-07,0.0007132124087543271
12839,1101.0,6.165746840209436e-07,0.0007132124087543271
12764,1101.0,6.165746840209436e-07,0.0007132124087543271
12655,1101.0,6.165746840209436e-07,0.0007132124087543271
13382,1101.0,6.165746840209436e-07,0.0007132124087543271
13383,1101.0,6.165746840209436e-07,0.0007132124087543271
13455,1101.0,6.165746840209436e-07,0.0007132124087543271
13752,1101.0,6.165746840209436e-07,0.0007132124087543271
14046,1101.0,6.165746840209436e-07,0.0007132124087543271
14031,1101.0,6.165746840209436e-07,0.0007132124087543271
13885,1101.0,6.165746840209436e-07,0.0007132124087543271
13817,1101.0,6.165746840209436e-07,0.0007132124087543271
13816,1101.0,6.165746840209436e-07,0.0007132124087543271
13815,1101.0,6.165746840209436e-07,0.0007132124087543271
13796,1101.0,6.165746840209436e-07,0.0007132124087543271
13795,1101.0,6.165746840209436e-07,0.0007132124087543271
13786,1101.0,6.165746840209436e-07,0.0007132124087543271
13751,1101.0,6.165746840209436e-07,0.0007132124087543271
13456,1101.0,6.165746840209436e-07,0.0007132124087543271
13750,1101.0,6.165746840209436e-07,0.0007132124087543271
13748,1101.0,6.165746840209436e-07,0.0007132124087543271
13700,1101.0,6.165746840209436e-07,0.0007132124087543271
13698,1101.0,6.165746840209436e-07,0.0007132124087543271
13684,1101.0,6.165746840209436e-07,0.0007132124087543271
13655,1101.0,6.165746840209436e-07,0.0007132124087543271
13616,1101.0,6.165746840209436e-07,0.0007132124087543271
13475,1101.0,6.165746840209436e-07,0.0007132124087543271
13473,1101.0,6.165746840209436e-07,0.0007132124087543271
12553,1101.0,6.165746840209436e-07,0.0007132124087543271
12545,1101.0,6.165746840209436e-07,0.0007132124087543271
10860,1101.0,6.165746840209436e-07,0.0007132124087543271
12462,1101.0,6.165746840209436e-07,0.0007132124087543271
11487,1101.0,6.165746840209436e-07,0.0007132124087543271
11475,1101.0,6.165746840209436e-07,0.0007132124087543271
11452,1101.0,6.165746840209436e-07,0.0007132124087543271
11441,1101.0,6.165746840209436e-07,0.0007132124087543271
11425,1101.0,6.165746840209436e-07,0.0007132124087543271
11295,1101.0,6.165746840209436e-07,0.0007132124087543271
11274,1101.0,6.165746840209436e-07,0.0007132124087543271
11241,1101.0,6.165746840209436e-07,0.0007132124087543271
11207,1101.0,6.165746840209436e-07,0.0007132124087543271
11167,1101.0,6.165746840209436e-07,0.0007132124087543271
11156,1101.0,6.165746840209436e-07,0.0007132124087543271
11135,1101.0,6.165746840209436e-07,0.0007132124087543271
11071,1101.0,6.165746840209436e-07,0.0007132124087543271
11059,1101.0,6.165746840209436e-07,0.0007132124087543271
11016,1101.0,6.165746840209436e-07,0.0007132124087543271
10941,1101.0,6.165746840209436e-07,0.0007132124087543271
10926,1101.0,6.165746840209436e-07,0.0007132124087543271
8733,1101.0,6.165746840209436e-07,0.0007132124087543271
10890,1101.0,6.165746840209436e-07,0.0007132124087543271
10881,1101.0,6.165746840209436e-07,0.0007132124087543271
10863,1101.0,6.165746840209436e-07,0.0007132124087543271
11501,1101.0,6.165746840209436e-07,0.0007132124087543271
11583,1101.0,6.165746840209436e-07,0.0007132124087543271
11604,1101.0,6.165746840209436e-07,0.0007132124087543271
12183,1101.0,6.165746840209436e-07,0.0007132124087543271
12400,1101.0,6.165746840209436e-07,0.0007132124087543271
12361,1101.0,6.165746840209436e-07,0.0007132124087543271
12340,1101.0,6.165746840209436e-07,0.0007132124087543271
12339,1101.0,6.165746840209436e-07,0.0007132124087543271
12323,1101.0,6.165746840209436e-07,0.0007132124087543271
12317,1101.0,6.165746840209436e-07,0.0007132124087543271
12246,1101.0,6.165746840209436e-07,0.0007132124087543271
12207,1101.0,6.165746840209436e-07,0.0007132124087543271
12200,1101.0,6.165746840209436e-07,0.0007132124087543271
12175,1101.0,6.165746840209436e-07,0.0007132124087543271
11608,1101.0,6.165746840209436e-07,0.0007132124087543271
12137,1101.0,6.165746840209436e-07,0.0007132124087543271
12106,1101.0,6.165746840209436e-07,0.0007132124087543271
12097,1101.0,6.165746840209436e-07,0.0007132124087543271
12042,1101.0,6.165746840209436e-07,0.0007132124087543271
11971,1101.0,6.165746840209436e-07,0.0007132124087543271
11841,1101.0,6.165746840209436e-07,0.0007132124087543271
11708,1101.0,6.165746840209436e-07,0.0007132124087543271
11692,1101.0,6.165746840209436e-07,0.0007132124087543271
11667,1101.0,6.165746840209436e-07,0.0007132124087543271
8745,1101.0,6.165746840209436e-07,0.0007132124087543271
8460,1101.0,6.165746840209436e-07,0.0007132124087543271
8719,1101.0,6.165746840209436e-07,0.0007132124087543271
5518,1101.0,6.165746840209436e-07,0.0007132124087543271
5506,1101.0,6.165746840209436e-07,0.0007132124087543271
5505,1101.0,6.165746840209436e-07,0.0007132124087543271
5501,1101.0,6.165746840209436e-07,0.0007132124087543271
5499,1101.0,6.165746840209436e-07,0.0007132124087543271
5495,1101.0,6.165746840209436e-07,0.0007132124087543271
5468,1101.0,6.165746840209436e-07,0.0007132124087543271
5461,1101.0,6.165746840209436e-07,0.0007132124087543271
5454,1101.0,6.165746840209436e-07,0.0007132124087543271
5453,1101.0,6.165746840209436e-07,0.0007132124087543271
5451,1101.0,6.165746840209436e-07,0.0007132124087543271
5449,1101.0,6.165746840209436e-07,0.0007132124087543271
5422,1101.0,6.165746840209436e-07,0.0007132124087543271
5415,1101.0,6.165746840209436e-07,0.0007132124087543271
5359,1101.0,6.165746840209436e-07,0.0007132124087543271
5358,1101.0,6.165746840209436e-07,0.0007132124087543271
5346,1101.0,6.165746840209436e-07,0.0007132124087543271
5334,1101.0,6.165746840209436e-07,0.0007132124087543271
5328,1101.0,6.165746840209436e-07,0.0007132124087543271
5294,1101.0,6.165746840209436e-07,0.0007132124087543271
5507,1101.0,6.165746840209436e-07,0.0007132124087543271
5531,1101.0,6.165746840209436e-07,0.0007132124087543271
5233,1101.0,6.165746840209436e-07,0.0007132124087543271
5640,1101.0,6.165746840209436e-07,0.0007132124087543271
6042,1101.0,6.165746840209436e-07,0.0007132124087543271
6038,1101.0,6.165746840209436e-07,0.0007132124087543271
6035,1101.0,6.165746840209436e-07,0.0007132124087543271
6025,1101.0,6.165746840209436e-07,0.0007132124087543271
6009,1101.0,6.165746840209436e-07,0.0007132124087543271
6000,1101.0,6.165746840209436e-07,0.0007132124087543271
5996,1101.0,6.165746840209436e-07,0.0007132124087543271
5990,1101.0,6.165746840209436e-07,0.0007132124087543271
5962,1101.0,6.165746840209436e-07,0.0007132124087543271
5944,1101.0,6.165746840209436e-07,0.0007132124087543271
5881,1101.0,6.165746840209436e-07,0.0007132124087543271
5855,1101.0,6.165746840209436e-07,0.0007132124087543271
5850,1101.0,6.165746840209436e-07,0.0007132124087543271
5831,1101.0,6.165746840209436e-07,0.0007132124087543271
5819,1101.0,6.165746840209436e-07,0.0007132124087543271
5818,1101.0,6.165746840209436e-07,0.0007132124087543271
5801,1101.0,6.165746840209436e-07,0.0007132124087543271
5773,1101.0,6.165746840209436e-07,0.0007132124087543271
5704,1101.0,6.165746840209436e-07,0.0007132124087543271
5236,1101.0,6.165746840209436e-07,0.0007132124087543271
5211,1101.0,6.165746840209436e-07,0.0007132124087543271
8711,1101.0,6.165746840209436e-07,0.0007132124087543271
4989,1101.0,6.165746840209436e-07,0.0007132124087543271
4985,1101.0,6.165746840209436e-07,0.0007132124087543271
4979,1101.0,6.165746840209436e-07,0.0007132124087543271
4977,1101.0,6.165746840209436e-07,0.0007132124087543271
4976,1101.0,6.165746840209436e-07,0.0007132124087543271
4974,1101.0,6.165746840209436e-07,0.0007132124087543271
4971,1101.0,6.165746840209436e-07,0.0007132124087543271
4965,1101.0,6.165746840209436e-07,0.0007132124087543271
4963,1101.0,6.165746840209436e-07,0.0007132124087543271
4959,1101.0,6.165746840209436e-07,0.0007132124087543271
4955,1101.0,6.165746840209436e-07,0.0007132124087543271
4947,1101.0,6.165746840209436e-07,0.0007132124087543271
4942,1101.0,6.165746840209436e-07,0.0007132124087543271
4931,1101.0,6.165746840209436e-07,0.0007132124087543271
4917,1101.0,6.165746840209436e-07,0.0007132124087543271
4895,1101.0,6.165746840209436e-07,0.0007132124087543271
4885,1101.0,6.165746840209436e-07,0.0007132124087543271
4881,1101.0,6.165746840209436e-07,0.0007132124087543271
4849,1101.0,6.165746840209436e-07,0.0007132124087543271
4839,1101.0,6.165746840209436e-07,0.0007132124087543271
4986,1101.0,6.165746840209436e-07,0.0007132124087543271
5003,1101.0,6.165746840209436e-07,0.0007132124087543271
5206,1101.0,6.165746840209436e-07,0.0007132124087543271
5008,1101.0,6.165746840209436e-07,0.0007132124087543271
5203,1101.0,6.165746840209436e-07,0.0007132124087543271
5198,1101.0,6.165746840209436e-07,0.0007132124087543271
5191,1101.0,6.165746840209436e-07,0.0007132124087543271
5172,1101.0,6.165746840209436e-07,0.0007132124087543271
5171,1101.0,6.165746840209436e-07,0.0007132124087543271
5160,1101.0,6.165746840209436e-07,0.0007132124087543271
5153,1101.0,6.165746840209436e-07,0.0007132124087543271
5062,1101.0,6.165746840209436e-07,0.0007132124087543271
5059,1101.0,6.165746840209436e-07,0.0007132124087543271
5055,1101.0,6.165746840209436e-07,0.0007132124087543271
5048,1101.0,6.165746840209436e-07,0.0007132124087543271
5046,1101.0,6.165746840209436e-07,0.0007132124087543271
5037,1101.0,6.165746840209436e-07,0.0007132124087543271
5035,1101.0,6.165746840209436e-07,0.0007132124087543271
5028,1101.0,6.165746840209436e-07,0.0007132124087543271
5026,1101.0,6.165746840209436e-07,0.0007132124087543271
5023,1101.0,6.165746840209436e-07,0.0007132124087543271
5019,1101.0,6.165746840209436e-07,0.0007132124087543271
5009,1101.0,6.165746840209436e-07,0.0007132124087543271
6088,1101.0,6.165746840209436e-07,0.0007132124087543271
6096,1101.0,6.165746840209436e-07,0.0007132124087543271
6228,1101.0,6.165746840209436e-07,0.0007132124087543271
7960,1101.0,6.165746840209436e-07,0.0007132124087543271
7888,1101.0,6.165746840209436e-07,0.0007132124087543271
7866,1101.0,6.165746840209436e-07,0.0007132124087543271
7850,1101.0,6.165746840209436e-07,0.0007132124087543271
7845,1101.0,6.165746840209436e-07,0.0007132124087543271
7800,1101.0,6.165746840209436e-07,0.0007132124087543271
7749,1101.0,6.165746840209436e-07,0.0007132124087543271
7742,1101.0,6.165746840209436e-07,0.0007132124087543271
7627,1101.0,6.165746840209436e-07,0.0007132124087543271
7611,1101.0,6.165746840209436e-07,0.0007132124087543271
7467,1101.0,6.165746840209436e-07,0.0007132124087543271
7443,1101.0,6.165746840209436e-07,0.0007132124087543271
7435,1101.0,6.165746840209436e-07,0.0007132124087543271
7426,1101.0,6.165746840209436e-07,0.0007132124087543271
7385,1101.0,6.165746840209436e-07,0.0007132124087543271
7370,1101.0,6.165746840209436e-07,0.0007132124087543271
7349,1101.0,6.165746840209436e-07,0.0007132124087543271
7282,1101.0,6.165746840209436e-07,0.0007132124087543271
7239,1101.0,6.165746840209436e-07,0.0007132124087543271
7216,1101.0,6.165746840209436e-07,0.0007132124087543271
7918,1101.0,6.165746840209436e-07,0.0007132124087543271
7978,1101.0,6.165746840209436e-07,0.0007132124087543271
6237,1101.0,6.165746840209436e-07,0.0007132124087543271
7983,1101.0,6.165746840209436e-07,0.0007132124087543271
8681,1101.0,6.165746840209436e-07,0.0007132124087543271
8673,1101.0,6.165746840209436e-07,0.0007132124087543271
8657,1101.0,6.165746840209436e-07,0.0007132124087543271
8634,1101.0,6.165746840209436e-07,0.0007132124087543271
8632,1101.0,6.165746840209436e-07,0.0007132124087543271
8628,1101.0,6.165746840209436e-07,0.0007132124087543271
8588,1101.0,6.165746840209436e-07,0.0007132124087543271
8584,1101.0,6.165746840209436e-07,0.0007132124087543271
8547,1101.0,6.165746840209436e-07,0.0007132124087543271
8533,1101.0,6.165746840209436e-07,0.0007132124087543271
14328,1101.0,6.165746840209436e-07,0.0007132124087543271
8260,1101.0,6.165746840209436e-07,0.0007132124087543271
8247,1101.0,6.165746840209436e-07,0.0007132124087543271
8193,1101.0,6.165746840209436e-07,0.0007132124087543271
8099,1101.0,6.165746840209436e-07,0.0007132124087543271
8059,1101.0,6.165746840209436e-07,0.0007132124087543271
8048,1101.0,6.165746840209436e-07,0.0007132124087543271
7989,1101.0,6.165746840209436e-07,0.0007132124087543271
7986,1101.0,6.165746840209436e-07,0.0007132124087543271
7212,1101.0,6.165746840209436e-07,0.0007132124087543271
7208,1101.0,6.165746840209436e-07,0.0007132124087543271
7206,1101.0,6.165746840209436e-07,0.0007132124087543271
7188,1101.0,6.165746840209436e-07,0.0007132124087543271
6692,1101.0,6.165746840209436e-07,0.0007132124087543271
6571,1101.0,6.165746840209436e-07,0.0007132124087543271
6565,1101.0,6.165746840209436e-07,0.0007132124087543271
6560,1101.0,6.165746840209436e-07,0.0007132124087543271
6552,1101.0,6.165746840209436e-07,0.0007132124087543271
6455,1101.0,6.165746840209436e-07,0.0007132124087543271
6415,1101.0,6.165746840209436e-07,0.0007132124087543271
6411,1101.0,6.165746840209436e-07,0.0007132124087543271
6406,1101.0,6.165746840209436e-07,0.0007132124087543271
6403,1101.0,6.165746840209436e-07,0.0007132124087543271
6374,1101.0,6.165746840209436e-07,0.0007132124087543271
6355,1101.0,6.165746840209436e-07,0.0007132124087543271
6349,1101.0,6.165746840209436e-07,0.0007132124087543271
6348,1101.0,6.165746840209436e-07,0.0007132124087543271
6322,1101.0,6.165746840209436e-07,0.0007132124087543271
6316,1101.0,6.165746840209436e-07,0.0007132124087543271
6295,1101.0,6.165746840209436e-07,0.0007132124087543271
6263,1101.0,6.165746840209436e-07,0.0007132124087543271
6261,1101.0,6.165746840209436e-07,0.0007132124087543271
6752,1101.0,6.165746840209436e-07,0.0007132124087543271
6761,1101.0,6.165746840209436e-07,0.0007132124087543271
6768,1101.0,6.165746840209436e-07,0.0007132124087543271
7044,1101.0,6.165746840209436e-07,0.0007132124087543271
7187,1101.0,6.165746840209436e-07,0.0007132124087543271
7186,1101.0,6.165746840209436e-07,0.0007132124087543271
7166,1101.0,6.165746840209436e-07,0.0007132124087543271
7165,1101.0,6.165746840209436e-07,0.0007132124087543271
7162,1101.0,6.165746840209436e-07,0.0007132124087543271
7156,1101.0,6.165746840209436e-07,0.0007132124087543271
7120,1101.0,6.165746840209436e-07,0.0007132124087543271
7104,1101.0,6.165746840209436e-07,0.0007132124087543271
6983,1101.0,6.165746840209436e-07,0.0007132124087543271
6771,1101.0,6.165746840209436e-07,0.0007132124087543271
6965,1101.0,6.165746840209436e-07,0.0007132124087543271
6922,1101.0,6.165746840209436e-07,0.0007132124087543271
6898,1101.0,6.165746840209436e-07,0.0007132124087543271
6892,1101.0,6.165746840209436e-07,0.0007132124087543271
6838,1101.0,6.165746840209436e-07,0.0007132124087543271
6781,1101.0,6.165746840209436e-07,0.0007132124087543271
6777,1101.0,6.165746840209436e-07,0.0007132124087543271
6774,1101.0,6.165746840209436e-07,0.0007132124087543271
14267,1101.0,6.165746840209436e-07,0.0007132124087543271
14548,1101.0,6.165746840209436e-07,0.0007132124087543271
14329,1101.0,6.165746840209436e-07,0.0007132124087543271
21649,1101.0,6.165746840209436e-07,0.0007132124087543271
21885,1101.0,6.165746840209436e-07,0.0007132124087543271
21811,1101.0,6.165746840209436e-07,0.0007132124087543271
21772,1101.0,6.165746840209436e-07,0.0007132124087543271
21760,1101.0,6.165746840209436e-07,0.0007132124087543271
21727,1101.0,6.165746840209436e-07,0.0007132124087543271
21722,1101.0,6.165746840209436e-07,0.0007132124087543271
21720,1101.0,6.165746840209436e-07,0.0007132124087543271
21716,1101.0,6.165746840209436e-07,0.0007132124087543271
21711,1101.0,6.165746840209436e-07,0.0007132124087543271
21703,1101.0,6.165746840209436e-07,0.0007132124087543271
21701,1101.0,6.165746840209436e-07,0.0007132124087543271
21700,1101.0,6.165746840209436e-07,0.0007132124087543271
21699,1101.0,6.165746840209436e-07,0.0007132124087543271
21694,1101.0,6.165746840209436e-07,0.0007132124087543271
21684,1101.0,6.165746840209436e-07,0.0007132124087543271
21681,1101.0,6.165746840209436e-07,0.0007132124087543271
21677,1101.0,6.165746840209436e-07,0.0007132124087543271
21676,1101.0,6.165746840209436e-07,0.0007132124087543271
21675,1101.0,6.165746840209436e-07,0.0007132124087543271
21953,1101.0,6.165746840209436e-07,0.0007132124087543271
21997,1101.0,6.165746840209436e-07,0.0007132124087543271
22004,1101.0,6.165746840209436e-07,0.0007132124087543271
22517,1101.0,6.165746840209436e-07,0.0007132124087543271
22706,1101.0,6.165746840209436e-07,0.0007132124087543271
22637,1101.0,6.165746840209436e-07,0.0007132124087543271
22633,1101.0,6.165746840209436e-07,0.0007132124087543271
22630,1101.0,6.165746840209436e-07,0.0007132124087543271
22618,1101.0,6.165746840209436e-07,0.0007132124087543271
22617,1101.0,6.165746840209436e-07,0.0007132124087543271
22600,1101.0,6.165746840209436e-07,0.0007132124087543271
22553,1101.0,6.165746840209436e-07,0.0007132124087543271
22462,1101.0,6.165746840209436e-07,0.0007132124087543271
22126,1101.0,6.165746840209436e-07,0.0007132124087543271
22346,1101.0,6.165746840209436e-07,0.0007132124087543271
22298,1101.0,6.165746840209436e-07,0.0007132124087543271
22281,1101.0,6.165746840209436e-07,0.0007132124087543271
22223,1101.0,6.165746840209436e-07,0.0007132124087543271
22219,1101.0,6.165746840209436e-07,0.0007132124087543271
22195,1101.0,6.165746840209436e-07,0.0007132124087543271
22188,1101.0,6.165746840209436e-07,0.0007132124087543271
22166,1101.0,6.165746840209436e-07,0.0007132124087543271
21674,1101.0,6.165746840209436e-07,0.0007132124087543271
21642,1101.0,6.165746840209436e-07,0.0007132124087543271
14330,1101.0,6.165746840209436e-07,0.0007132124087543271
21630,1101.0,6.165746840209436e-07,0.0007132124087543271
21002,1101.0,6.165746840209436e-07,0.0007132124087543271
20977,1101.0,6.165746840209436e-07,0.0007132124087543271
20889,1101.0,6.165746840209436e-07,0.0007132124087543271
20863,1101.0,6.165746840209436e-07,0.0007132124087543271
20843,1101.0,6.165746840209436e-07,0.0007132124087543271
20812,1101.0,6.165746840209436e-07,0.0007132124087543271
20765,1101.0,6.165746840209436e-07,0.0007132124087543271
20591,1101.0,6.165746840209436e-07,0.0007132124087543271
20530,1101.0,6.165746840209436e-07,0.0007132124087543271
20462,1101.0,6.165746840209436e-07,0.0007132124087543271
20461,1101.0,6.165746840209436e-07,0.0007132124087543271
20390,1101.0,6.165746840209436e-07,0.0007132124087543271
20316,1101.0,6.165746840209436e-07,0.0007132124087543271
20260,1101.0,6.165746840209436e-07,0.0007132124087543271
20145,1101.0,6.165746840209436e-07,0.0007132124087543271
20144,1101.0,6.165746840209436e-07,0.0007132124087543271
20142,1101.0,6.165746840209436e-07,0.0007132124087543271
20028,1101.0,6.165746840209436e-07,0.0007132124087543271
19969,1101.0,6.165746840209436e-07,0.0007132124087543271
21019,1101.0,6.165746840209436e-07,0.0007132124087543271
21112,1101.0,6.165746840209436e-07,0.0007132124087543271
21164,1101.0,6.165746840209436e-07,0.0007132124087543271
21549,1101.0,6.165746840209436e-07,0.0007132124087543271
21617,1101.0,6.165746840209436e-07,0.0007132124087543271
21616,1101.0,6.165746840209436e-07,0.0007132124087543271
21586,1101.0,6.165746840209436e-07,0.0007132124087543271
21585,1101.0,6.165746840209436e-07,0.0007132124087543271
21584,1101.0,6.165746840209436e-07,0.0007132124087543271
21564,1101.0,6.165746840209436e-07,0.0007132124087543271
21552,1101.0,6.165746840209436e-07,0.0007132124087543271
21551,1101.0,6.165746840209436e-07,0.0007132124087543271
21525,1101.0,6.165746840209436e-07,0.0007132124087543271
21220,1101.0,6.165746840209436e-07,0.0007132124087543271
21524,1101.0,6.165746840209436e-07,0.0007132124087543271
21499,1101.0,6.165746840209436e-07,0.0007132124087543271
21484,1101.0,6.165746840209436e-07,0.0007132124087543271
21404,1101.0,6.165746840209436e-07,0.0007132124087543271
21267,1101.0,6.165746840209436e-07,0.0007132124087543271
21252,1101.0,6.165746840209436e-07,0.0007132124087543271
21242,1101.0,6.165746840209436e-07,0.0007132124087543271
21236,1101.0,6.165746840209436e-07,0.0007132124087543271
22714,1101.0,6.165746840209436e-07,0.0007132124087543271
22753,1101.0,6.165746840209436e-07,0.0007132124087543271
22769,1101.0,6.165746840209436e-07,0.0007132124087543271
22780,1101.0,6.165746840209436e-07,0.0007132124087543271
24021,1101.0,6.165746840209436e-07,0.0007132124087543271
24017,1101.0,6.165746840209436e-07,0.0007132124087543271
24012,1101.0,6.165746840209436e-07,0.0007132124087543271
24008,1101.0,6.165746840209436e-07,0.0007132124087543271
24006,1101.0,6.165746840209436e-07,0.0007132124087543271
23992,1101.0,6.165746840209436e-07,0.0007132124087543271
23983,1101.0,6.165746840209436e-07,0.0007132124087543271
23982,1101.0,6.165746840209436e-07,0.0007132124087543271
23981,1101.0,6.165746840209436e-07,0.0007132124087543271
23946,1101.0,6.165746840209436e-07,0.0007132124087543271
23823,1101.0,6.165746840209436e-07,0.0007132124087543271
23821,1101.0,6.165746840209436e-07,0.0007132124087543271
23802,1101.0,6.165746840209436e-07,0.0007132124087543271
23725,1101.0,6.165746840209436e-07,0.0007132124087543271
23660,1101.0,6.165746840209436e-07,0.0007132124087543271
23659,1101.0,6.165746840209436e-07,0.0007132124087543271
23658,1101.0,6.165746840209436e-07,0.0007132124087543271
23652,1101.0,6.165746840209436e-07,0.0007132124087543271
23635,1101.0,6.165746840209436e-07,0.0007132124087543271
24038,1101.0,6.165746840209436e-07,0.0007132124087543271
24499,1101.0,6.165746840209436e-07,0.0007132124087543271
24502,1101.0,6.165746840209436e-07,0.0007132124087543271
24528,1101.0,6.165746840209436e-07,0.0007132124087543271
28363,1101.0,6.165746840209436e-07,0.0007132124087543271
27898,1101.0,6.165746840209436e-07,0.0007132124087543271
27897,1101.0,6.165746840209436e-07,0.0007132124087543271
27896,1101.0,6.165746840209436e-07,0.0007132124087543271
24541,1101.0,6.165746840209436e-07,0.0007132124087543271
24539,1101.0,6.165746840209436e-07,0.0007132124087543271
24530,1101.0,6.165746840209436e-07,0.0007132124087543271
24529,1101.0,6.165746840209436e-07,0.0007132124087543271
24524,1101.0,6.165746840209436e-07,0.0007132124087543271
24505,1101.0,6.165746840209436e-07,0.0007132124087543271
24523,1101.0,6.165746840209436e-07,0.0007132124087543271
24521,1101.0,6.165746840209436e-07,0.0007132124087543271
24516,1101.0,6.165746840209436e-07,0.0007132124087543271
24513,1101.0,6.165746840209436e-07,0.0007132124087543271
24512,1101.0,6.165746840209436e-07,0.0007132124087543271
24509,1101.0,6.165746840209436e-07,0.0007132124087543271
24508,1101.0,6.165746840209436e-07,0.0007132124087543271
24506,1101.0,6.165746840209436e-07,0.0007132124087543271
23634,1101.0,6.165746840209436e-07,0.0007132124087543271
23629,1101.0,6.165746840209436e-07,0.0007132124087543271
23517,1101.0,6.165746840209436e-07,0.0007132124087543271
22966,1101.0,6.165746840209436e-07,0.0007132124087543271
23200,1101.0,6.165746840209436e-07,0.0007132124087543271
23175,1101.0,6.165746840209436e-07,0.0007132124087543271
23159,1101.0,6.165746840209436e-07,0.0007132124087543271
23106,1101.0,6.165746840209436e-07,0.0007132124087543271
23078,1101.0,6.165746840209436e-07,0.0007132124087543271
22978,1101.0,6.165746840209436e-07,0.0007132124087543271
22973,1101.0,6.165746840209436e-07,0.0007132124087543271
22968,1101.0,6.165746840209436e-07,0.0007132124087543271
22898,1101.0,6.165746840209436e-07,0.0007132124087543271
23206,1101.0,6.165746840209436e-07,0.0007132124087543271
22897,1101.0,6.165746840209436e-07,0.0007132124087543271
22891,1101.0,6.165746840209436e-07,0.0007132124087543271
22836,1101.0,6.165746840209436e-07,0.0007132124087543271
22821,1101.0,6.165746840209436e-07,0.0007132124087543271
22820,1101.0,6.165746840209436e-07,0.0007132124087543271
22813,1101.0,6.165746840209436e-07,0.0007132124087543271
22803,1101.0,6.165746840209436e-07,0.0007132124087543271
22792,1101.0,6.165746840209436e-07,0.0007132124087543271
23205,1101.0,6.165746840209436e-07,0.0007132124087543271
23246,1101.0,6.165746840209436e-07,0.0007132124087543271
23516,1101.0,6.165746840209436e-07,0.0007132124087543271
23504,1101.0,6.165746840209436e-07,0.0007132124087543271
23515,1101.0,6.165746840209436e-07,0.0007132124087543271
23514,1101.0,6.165746840209436e-07,0.0007132124087543271
23513,1101.0,6.165746840209436e-07,0.0007132124087543271
23512,1101.0,6.165746840209436e-07,0.0007132124087543271
23511,1101.0,6.165746840209436e-07,0.0007132124087543271
23510,1101.0,6.165746840209436e-07,0.0007132124087543271
23509,1101.0,6.165746840209436e-07,0.0007132124087543271
23506,1101.0,6.165746840209436e-07,0.0007132124087543271
23503,1101.0,6.165746840209436e-07,0.0007132124087543271
23280,1101.0,6.165746840209436e-07,0.0007132124087543271
23502,1101.0,6.165746840209436e-07,0.0007132124087543271
23501,1101.0,6.165746840209436e-07,0.0007132124087543271
23500,1101.0,6.165746840209436e-07,0.0007132124087543271
23499,1101.0,6.165746840209436e-07,0.0007132124087543271
23420,1101.0,6.165746840209436e-07,0.0007132124087543271
23384,1101.0,6.165746840209436e-07,0.0007132124087543271
23377,1101.0,6.165746840209436e-07,0.0007132124087543271
23376,1101.0,6.165746840209436e-07,0.0007132124087543271
19934,1101.0,6.165746840209436e-07,0.0007132124087543271
19836,1101.0,6.165746840209436e-07,0.0007132124087543271
19770,1101.0,6.165746840209436e-07,0.0007132124087543271
16010,1101.0,6.165746840209436e-07,0.0007132124087543271
15437,1101.0,6.165746840209436e-07,0.0007132124087543271
15436,1101.0,6.165746840209436e-07,0.0007132124087543271
15426,1101.0,6.165746840209436e-07,0.0007132124087543271
15418,1101.0,6.165746840209436e-07,0.0007132124087543271
15385,1101.0,6.165746840209436e-07,0.0007132124087543271
15375,1101.0,6.165746840209436e-07,0.0007132124087543271
15369,1101.0,6.165746840209436e-07,0.0007132124087543271
15359,1101.0,6.165746840209436e-07,0.0007132124087543271
15349,1101.0,6.165746840209436e-07,0.0007132124087543271
15345,1101.0,6.165746840209436e-07,0.0007132124087543271
15306,1101.0,6.165746840209436e-07,0.0007132124087543271
15292,1101.0,6.165746840209436e-07,0.0007132124087543271
15276,1101.0,6.165746840209436e-07,0.0007132124087543271
15272,1101.0,6.165746840209436e-07,0.0007132124087543271
15211,1101.0,6.165746840209436e-07,0.0007132124087543271
15206,1101.0,6.165746840209436e-07,0.0007132124087543271
15205,1101.0,6.165746840209436e-07,0.0007132124087543271
15187,1101.0,6.165746840209436e-07,0.0007132124087543271
15180,1101.0,6.165746840209436e-07,0.0007132124087543271
15444,1101.0,6.165746840209436e-07,0.0007132124087543271
15465,1101.0,6.165746840209436e-07,0.0007132124087543271
15480,1101.0,6.165746840209436e-07,0.0007132124087543271
15769,1101.0,6.165746840209436e-07,0.0007132124087543271
15957,1101.0,6.165746840209436e-07,0.0007132124087543271
15948,1101.0,6.165746840209436e-07,0.0007132124087543271
15945,1101.0,6.165746840209436e-07,0.0007132124087543271
15936,1101.0,6.165746840209436e-07,0.0007132124087543271
15872,1101.0,6.165746840209436e-07,0.0007132124087543271
15852,1101.0,6.165746840209436e-07,0.0007132124087543271
15831,1101.0,6.165746840209436e-07,0.0007132124087543271
15792,1101.0,6.165746840209436e-07,0.0007132124087543271
15764,1101.0,6.165746840209436e-07,0.0007132124087543271
15487,1101.0,6.165746840209436e-07,0.0007132124087543271
15754,1101.0,6.165746840209436e-07,0.0007132124087543271
15713,1101.0,6.165746840209436e-07,0.0007132124087543271
15692,1101.0,6.165746840209436e-07,0.0007132124087543271
15646,1101.0,6.165746840209436e-07,0.0007132124087543271
15590,1101.0,6.165746840209436e-07,0.0007132124087543271
15521,1101.0,6.165746840209436e-07,0.0007132124087543271
15508,1101.0,6.165746840209436e-07,0.0007132124087543271
15489,1101.0,6.165746840209436e-07,0.0007132124087543271
15175,1101.0,6.165746840209436e-07,0.0007132124087543271
15132,1101.0,6.165746840209436e-07,0.0007132124087543271
15118,1101.0,6.165746840209436e-07,0.0007132124087543271
14504,1101.0,6.165746840209436e-07,0.0007132124087543271
14589,1101.0,6.165746840209436e-07,0.0007132124087543271
14586,1101.0,6.165746840209436e-07,0.0007132124087543271
4836,1101.0,6.165746840209436e-07,0.0007132124087543271
14547,1101.0,6.165746840209436e-07,0.0007132124087543271
14546,1101.0,6.165746840209436e-07,0.0007132124087543271
14507,1101.0,6.165746840209436e-07,0.0007132124087543271
14506,1101.0,6.165746840209436e-07,0.0007132124087543271
14505,1101.0,6.165746840209436e-07,0.0007132124087543271
14503,1101.0,6.165746840209436e-07,0.0007132124087543271
14616,1101.0,6.165746840209436e-07,0.0007132124087543271
14482,1101.0,6.165746840209436e-07,0.0007132124087543271
14481,1101.0,6.165746840209436e-07,0.0007132124087543271
14455,1101.0,6.165746840209436e-07,0.0007132124087543271
14454,1101.0,6.165746840209436e-07,0.0007132124087543271
14453,1101.0,6.165746840209436e-07,0.0007132124087543271
14415,1101.0,6.165746840209436e-07,0.0007132124087543271
14414,1101.0,6.165746840209436e-07,0.0007132124087543271
14412,1101.0,6.165746840209436e-07,0.0007132124087543271
14590,1101.0,6.165746840209436e-07,0.0007132124087543271
14620,1101.0,6.165746840209436e-07,0.0007132124087543271
15072,1101.0,6.165746840209436e-07,0.0007132124087543271
14850,1101.0,6.165746840209436e-07,0.0007132124087543271
15058,1101.0,6.165746840209436e-07,0.0007132124087543271
15042,1101.0,6.165746840209436e-07,0.0007132124087543271
14980,1101.0,6.165746840209436e-07,0.0007132124087543271
14953,1101.0,6.165746840209436e-07,0.0007132124087543271
14940,1101.0,6.165746840209436e-07,0.0007132124087543271
14919,1101.0,6.165746840209436e-07,0.0007132124087543271
14881,1101.0,6.165746840209436e-07,0.0007132124087543271
14869,1101.0,6.165746840209436e-07,0.0007132124087543271
14848,1101.0,6.165746840209436e-07,0.0007132124087543271
14631,1101.0,6.165746840209436e-07,0.0007132124087543271
14824,1101.0,6.165746840209436e-07,0.0007132124087543271
14765,1101.0,6.165746840209436e-07,0.0007132124087543271
14724,1101.0,6.165746840209436e-07,0.0007132124087543271
14721,1101.0,6.165746840209436e-07,0.0007132124087543271
14717,1101.0,6.165746840209436e-07,0.0007132124087543271
14663,1101.0,6.165746840209436e-07,0.0007132124087543271
14639,1101.0,6.165746840209436e-07,0.0007132124087543271
14632,1101.0,6.165746840209436e-07,0.0007132124087543271
16006,1101.0,6.165746840209436e-07,0.0007132124087543271
16042,1101.0,6.165746840209436e-07,0.0007132124087543271
19528,1101.0,6.165746840209436e-07,0.0007132124087543271
16096,1101.0,6.165746840209436e-07,0.0007132124087543271
18669,1101.0,6.165746840209436e-07,0.0007132124087543271
18440,1101.0,6.165746840209436e-07,0.0007132124087543271
18381,1101.0,6.165746840209436e-07,0.0007132124087543271
18211,1101.0,6.165746840209436e-07,0.0007132124087543271
18208,1101.0,6.165746840209436e-07,0.0007132124087543271
18164,1101.0,6.165746840209436e-07,0.0007132124087543271
18145,1101.0,6.165746840209436e-07,0.0007132124087543271
18079,1101.0,6.165746840209436e-07,0.0007132124087543271
18017,1101.0,6.165746840209436e-07,0.0007132124087543271
17981,1101.0,6.165746840209436e-07,0.0007132124087543271
17967,1101.0,6.165746840209436e-07,0.0007132124087543271
17935,1101.0,6.165746840209436e-07,0.0007132124087543271
17924,1101.0,6.165746840209436e-07,0.0007132124087543271
17903,1101.0,6.165746840209436e-07,0.0007132124087543271
17876,1101.0,6.165746840209436e-07,0.0007132124087543271
17858,1101.0,6.165746840209436e-07,0.0007132124087543271
17812,1101.0,6.165746840209436e-07,0.0007132124087543271
17788,1101.0,6.165746840209436e-07,0.0007132124087543271
17771,1101.0,6.165746840209436e-07,0.0007132124087543271
18699,1101.0,6.165746840209436e-07,0.0007132124087543271
18727,1101.0,6.165746840209436e-07,0.0007132124087543271
18740,1101.0,6.165746840209436e-07,0.0007132124087543271
19103,1101.0,6.165746840209436e-07,0.0007132124087543271
19441,1101.0,6.165746840209436e-07,0.0007132124087543271
19357,1101.0,6.165746840209436e-07,0.0007132124087543271
19324,1101.0,6.165746840209436e-07,0.0007132124087543271
19281,1101.0,6.165746840209436e-07,0.0007132124087543271
19249,1101.0,6.165746840209436e-07,0.0007132124087543271
19159,1101.0,6.165746840209436e-07,0.0007132124087543271
19156,1101.0,6.165746840209436e-07,0.0007132124087543271
19137,1101.0,6.165746840209436e-07,0.0007132124087543271
19098,1101.0,6.165746840209436e-07,0.0007132124087543271
18846,1101.0,6.165746840209436e-07,0.0007132124087543271
19053,1101.0,6.165746840209436e-07,0.0007132124087543271
19048,1101.0,6.165746840209436e-07,0.0007132124087543271
19008,1101.0,6.165746840209436e-07,0.0007132124087543271
18991,1101.0,6.165746840209436e-07,0.0007132124087543271
18976,1101.0,6.165746840209436e-07,0.0007132124087543271
18966,1101.0,6.165746840209436e-07,0.0007132124087543271
18938,1101.0,6.165746840209436e-07,0.0007132124087543271
18909,1101.0,6.165746840209436e-07,0.0007132124087543271
17732,1101.0,6.165746840209436e-07,0.0007132124087543271
17727,1101.0,6.165746840209436e-07,0.0007132124087543271
17572,1101.0,6.165746840209436e-07,0.0007132124087543271
16377,1101.0,6.165746840209436e-07,0.0007132124087543271
16647,1101.0,6.165746840209436e-07,0.0007132124087543271
16582,1101.0,6.165746840209436e-07,0.0007132124087543271
16473,1101.0,6.165746840209436e-07,0.0007132124087543271
16468,1101.0,6.165746840209436e-07,0.0007132124087543271
16461,1101.0,6.165746840209436e-07,0.0007132124087543271
16454,1101.0,6.165746840209436e-07,0.0007132124087543271
16449,1101.0,6.165746840209436e-07,0.0007132124087543271
16431,1101.0,6.165746840209436e-07,0.0007132124087543271
16354,1101.0,6.165746840209436e-07,0.0007132124087543271
16699,1101.0,6.165746840209436e-07,0.0007132124087543271
16350,1101.0,6.165746840209436e-07,0.0007132124087543271
16301,1101.0,6.165746840209436e-07,0.0007132124087543271
16258,1101.0,6.165746840209436e-07,0.0007132124087543271
16241,1101.0,6.165746840209436e-07,0.0007132124087543271
16236,1101.0,6.165746840209436e-07,0.0007132124087543271
16189,1101.0,6.165746840209436e-07,0.0007132124087543271
16137,1101.0,6.165746840209436e-07,0.0007132124087543271
16098,1101.0,6.165746840209436e-07,0.0007132124087543271
16663,1101.0,6.165746840209436e-07,0.0007132124087543271
16729,1101.0,6.165746840209436e-07,0.0007132124087543271
17571,1101.0,6.165746840209436e-07,0.0007132124087543271
17209,1101.0,6.165746840209436e-07,0.0007132124087543271
17540,1101.0,6.165746840209436e-07,0.0007132124087543271
17473,1101.0,6.165746840209436e-07,0.0007132124087543271
17394,1101.0,6.165746840209436e-07,0.0007132124087543271
17355,1101.0,6.165746840209436e-07,0.0007132124087543271
17307,1101.0,6.165746840209436e-07,0.0007132124087543271
17277,1101.0,6.165746840209436e-07,0.0007132124087543271
17263,1101.0,6.165746840209436e-07,0.0007132124087543271
17231,1101.0,6.165746840209436e-07,0.0007132124087543271
17134,1101.0,6.165746840209436e-07,0.0007132124087543271
16752,1101.0,6.165746840209436e-07,0.0007132124087543271
17101,1101.0,6.165746840209436e-07,0.0007132124087543271
17061,1101.0,6.165746840209436e-07,0.0007132124087543271
17058,1101.0,6.165746840209436e-07,0.0007132124087543271
16918,1101.0,6.165746840209436e-07,0.0007132124087543271
16903,1101.0,6.165746840209436e-07,0.0007132124087543271
16812,1101.0,6.165746840209436e-07,0.0007132124087543271
16773,1101.0,6.165746840209436e-07,0.0007132124087543271
16761,1101.0,6.165746840209436e-07,0.0007132124087543271
4838,1101.0,6.165746840209436e-07,0.0007132124087543271
28364,1101.0,6.165746840209436e-07,0.0007132124087543271
4835,1101.0,6.165746840209436e-07,0.0007132124087543271
2442,1101.0,6.165746840209436e-07,0.0007132124087543271
2513,1101.0,6.165746840209436e-07,0.0007132124087543271
2515,1101.0,6.165746840209436e-07,0.0007132124087543271
2517,1101.0,6.165746840209436e-07,0.0007132124087543271
2524,1101.0,6.165746840209436e-07,0.0007132124087543271
2529,1101.0,6.165746840209436e-07,0.0007132124087543271
2530,1101.0,6.165746840209436e-07,0.0007132124087543271
2533,1101.0,6.165746840209436e-07,0.0007132124087543271
2541,1101.0,6.165746840209436e-07,0.0007132124087543271
2548,1101.0,6.165746840209436e-07,0.0007132124087543271
2574,1101.0,6.165746840209436e-07,0.0007132124087543271
2578,1101.0,6.165746840209436e-07,0.0007132124087543271
2579,1101.0,6.165746840209436e-07,0.0007132124087543271
2580,1101.0,6.165746840209436e-07,0.0007132124087543271
2581,1101.0,6.165746840209436e-07,0.0007132124087543271
2582,1101.0,6.165746840209436e-07,0.0007132124087543271
2584,1101.0,6.165746840209436e-07,0.0007132124087543271
2585,1101.0,6.165746840209436e-07,0.0007132124087543271
2586,1101.0,6.165746840209436e-07,0.0007132124087543271
2587,1101.0,6.165746840209436e-07,0.0007132124087543271
2494,1101.0,6.165746840209436e-07,0.0007132124087543271
2490,1101.0,6.165746840209436e-07,0.0007132124087543271
2489,1101.0,6.165746840209436e-07,0.0007132124087543271
2476,1101.0,6.165746840209436e-07,0.0007132124087543271
2455,1101.0,6.165746840209436e-07,0.0007132124087543271
2466,1101.0,6.165746840209436e-07,0.0007132124087543271
2467,1101.0,6.165746840209436e-07,0.0007132124087543271
2468,1101.0,6.165746840209436e-07,0.0007132124087543271
2471,1101.0,6.165746840209436e-07,0.0007132124087543271
2473,1101.0,6.165746840209436e-07,0.0007132124087543271
2474,1101.0,6.165746840209436e-07,0.0007132124087543271
2475,1101.0,6.165746840209436e-07,0.0007132124087543271
2479,1101.0,6.165746840209436e-07,0.0007132124087543271
2488,1101.0,6.165746840209436e-07,0.0007132124087543271
2480,1101.0,6.165746840209436e-07,0.0007132124087543271
2481,1101.0,6.165746840209436e-07,0.0007132124087543271
2482,1101.0,6.165746840209436e-07,0.0007132124087543271
2483,1101.0,6.165746840209436e-07,0.0007132124087543271
2484,1101.0,6.165746840209436e-07,0.0007132124087543271
2485,1101.0,6.165746840209436e-07,0.0007132124087543271
2486,1101.0,6.165746840209436e-07,0.0007132124087543271
2487,1101.0,6.165746840209436e-07,0.0007132124087543271
2592,1101.0,6.165746840209436e-07,0.0007132124087543271
2610,1101.0,6.165746840209436e-07,0.0007132124087543271
2619,1101.0,6.165746840209436e-07,0.0007132124087543271
2879,1101.0,6.165746840209436e-07,0.0007132124087543271
2861,1101.0,6.165746840209436e-07,0.0007132124087543271
2865,1101.0,6.165746840209436e-07,0.0007132124087543271
2869,1101.0,6.165746840209436e-07,0.0007132124087543271
2872,1101.0,6.165746840209436e-07,0.0007132124087543271
2873,1101.0,6.165746840209436e-07,0.0007132124087543271
2874,1101.0,6.165746840209436e-07,0.0007132124087543271
2877,1101.0,6.165746840209436e-07,0.0007132124087543271
2878,1101.0,6.165746840209436e-07,0.0007132124087543271
2881,1101.0,6.165746840209436e-07,0.0007132124087543271
2852,1101.0,6.165746840209436e-07,0.0007132124087543271
2882,1101.0,6.165746840209436e-07,0.0007132124087543271
2884,1101.0,6.165746840209436e-07,0.0007132124087543271
2888,1101.0,6.165746840209436e-07,0.0007132124087543271
2892,1101.0,6.165746840209436e-07,0.0007132124087543271
2893,1101.0,6.165746840209436e-07,0.0007132124087543271
2894,1101.0,6.165746840209436e-07,0.0007132124087543271
2895,1101.0,6.165746840209436e-07,0.0007132124087543271
2896,1101.0,6.165746840209436e-07,0.0007132124087543271
2855,1101.0,6.165746840209436e-07,0.0007132124087543271
2840,1101.0,6.165746840209436e-07,0.0007132124087543271
2634,1101.0,6.165746840209436e-07,0.0007132124087543271
2716,1101.0,6.165746840209436e-07,0.0007132124087543271
2639,1101.0,6.165746840209436e-07,0.0007132124087543271
2644,1101.0,6.165746840209436e-07,0.0007132124087543271
2660,1101.0,6.165746840209436e-07,0.0007132124087543271
2670,1101.0,6.165746840209436e-07,0.0007132124087543271
2677,1101.0,6.165746840209436e-07,0.0007132124087543271
2700,1101.0,6.165746840209436e-07,0.0007132124087543271
2701,1101.0,6.165746840209436e-07,0.0007132124087543271
2709,1101.0,6.165746840209436e-07,0.0007132124087543271
2727,1101.0,6.165746840209436e-07,0.0007132124087543271
2830,1101.0,6.165746840209436e-07,0.0007132124087543271
2733,1101.0,6.165746840209436e-07,0.0007132124087543271
2743,1101.0,6.165746840209436e-07,0.0007132124087543271
2761,1101.0,6.165746840209436e-07,0.0007132124087543271
2768,1101.0,6.165746840209436e-07,0.0007132124087543271
2770,1101.0,6.165746840209436e-07,0.0007132124087543271
2814,1101.0,6.165746840209436e-07,0.0007132124087543271
2816,1101.0,6.165746840209436e-07,0.0007132124087543271
2824,1101.0,6.165746840209436e-07,0.0007132124087543271
2450,1101.0,6.165746840209436e-07,0.0007132124087543271
2441,1101.0,6.165746840209436e-07,0.0007132124087543271
300,1101.0,6.165746840209436e-07,0.0007132124087543271
2440,1101.0,6.165746840209436e-07,0.0007132124087543271
1709,1101.0,6.165746840209436e-07,0.0007132124087543271
1710,1101.0,6.165746840209436e-07,0.0007132124087543271
1759,1101.0,6.165746840209436e-07,0.0007132124087543271
1760,1101.0,6.165746840209436e-07,0.0007132124087543271
1761,1101.0,6.165746840209436e-07,0.0007132124087543271
1803,1101.0,6.165746840209436e-07,0.0007132124087543271
1804,1101.0,6.165746840209436e-07,0.0007132124087543271
1805,1101.0,6.165746840209436e-07,0.0007132124087543271
1807,1101.0,6.165746840209436e-07,0.0007132124087543271
1853,1101.0,6.165746840209436e-07,0.0007132124087543271
1854,1101.0,6.165746840209436e-07,0.0007132124087543271
1855,1101.0,6.165746840209436e-07,0.0007132124087543271
1856,1101.0,6.165746840209436e-07,0.0007132124087543271
1857,1101.0,6.165746840209436e-07,0.0007132124087543271
1904,1101.0,6.165746840209436e-07,0.0007132124087543271
1905,1101.0,6.165746840209436e-07,0.0007132124087543271
1907,1101.0,6.165746840209436e-07,0.0007132124087543271
1908,1101.0,6.165746840209436e-07,0.0007132124087543271
1956,1101.0,6.165746840209436e-07,0.0007132124087543271
1708,1101.0,6.165746840209436e-07,0.0007132124087543271
1657,1101.0,6.165746840209436e-07,0.0007132124087543271
1654,1101.0,6.165746840209436e-07,0.0007132124087543271
1154,1101.0,6.165746840209436e-07,0.0007132124087543271
553,1101.0,6.165746840209436e-07,0.0007132124087543271
554,1101.0,6.165746840209436e-07,0.0007132124087543271
601,1101.0,6.165746840209436e-07,0.0007132124087543271
651,1101.0,6.165746840209436e-07,0.0007132124087543271
752,1101.0,6.165746840209436e-07,0.0007132124087543271
802,1101.0,6.165746840209436e-07,0.0007132124087543271
953,1101.0,6.165746840209436e-07,0.0007132124087543271
1152,1101.0,6.165746840209436e-07,0.0007132124087543271
1155,1101.0,6.165746840209436e-07,0.0007132124087543271
1624,1101.0,6.165746840209436e-07,0.0007132124087543271
1202,1101.0,6.165746840209436e-07,0.0007132124087543271
1305,1101.0,6.165746840209436e-07,0.0007132124087543271
1355,1101.0,6.165746840209436e-07,0.0007132124087543271
1405,1101.0,6.165746840209436e-07,0.0007132124087543271
1602,1101.0,6.165746840209436e-07,0.0007132124087543271
1621,1101.0,6.165746840209436e-07,0.0007132124087543271
1622,1101.0,6.165746840209436e-07,0.0007132124087543271
1623,1101.0,6.165746840209436e-07,0.0007132124087543271
1957,1101.0,6.165746840209436e-07,0.0007132124087543271
1958,1101.0,6.165746840209436e-07,0.0007132124087543271
2052,1101.0,6.165746840209436e-07,0.0007132124087543271
2411,1101.0,6.165746840209436e-07,0.0007132124087543271
2397,1101.0,6.165746840209436e-07,0.0007132124087543271
2398,1101.0,6.165746840209436e-07,0.0007132124087543271
2399,1101.0,6.165746840209436e-07,0.0007132124087543271
2400,1101.0,6.165746840209436e-07,0.0007132124087543271
2401,1101.0,6.165746840209436e-07,0.0007132124087543271
2403,1101.0,6.165746840209436e-07,0.0007132124087543271
2404,1101.0,6.165746840209436e-07,0.0007132124087543271
2405,1101.0,6.165746840209436e-07,0.0007132124087543271
2415,1101.0,6.165746840209436e-07,0.0007132124087543271
2395,1101.0,6.165746840209436e-07,0.0007132124087543271
2416,1101.0,6.165746840209436e-07,0.0007132124087543271
2421,1101.0,6.165746840209436e-07,0.0007132124087543271
2423,1101.0,6.165746840209436e-07,0.0007132124087543271
2425,1101.0,6.165746840209436e-07,0.0007132124087543271
2426,1101.0,6.165746840209436e-07,0.0007132124087543271
2434,1101.0,6.165746840209436e-07,0.0007132124087543271
2436,1101.0,6.165746840209436e-07,0.0007132124087543271
2438,1101.0,6.165746840209436e-07,0.0007132124087543271
2396,1101.0,6.165746840209436e-07,0.0007132124087543271
2394,1101.0,6.165746840209436e-07,0.0007132124087543271
2053,1101.0,6.165746840209436e-07,0.0007132124087543271
2280,1101.0,6.165746840209436e-07,0.0007132124087543271
2055,1101.0,6.165746840209436e-07,0.0007132124087543271
2056,1101.0,6.165746840209436e-07,0.0007132124087543271
2080,1101.0,6.165746840209436e-07,0.0007132124087543271
2102,1101.0,6.165746840209436e-07,0.0007132124087543271
2103,1101.0,6.165746840209436e-07,0.0007132124087543271
2104,1101.0,6.165746840209436e-07,0.0007132124087543271
2151,1101.0,6.165746840209436e-07,0.0007132124087543271
2153,1101.0,6.165746840209436e-07,0.0007132124087543271
2346,1101.0,6.165746840209436e-07,0.0007132124087543271
2393,1101.0,6.165746840209436e-07,0.0007132124087543271
2363,1101.0,6.165746840209436e-07,0.0007132124087543271
2365,1101.0,6.165746840209436e-07,0.0007132124087543271
2372,1101.0,6.165746840209436e-07,0.0007132124087543271
2375,1101.0,6.165746840209436e-07,0.0007132124087543271
2387,1101.0,6.165746840209436e-07,0.0007132124087543271
2388,1101.0,6.165746840209436e-07,0.0007132124087543271
2389,1101.0,6.165746840209436e-07,0.0007132124087543271
2391,1101.0,6.165746840209436e-07,0.0007132124087543271
2897,1101.0,6.165746840209436e-07,0.0007132124087543271
2898,1101.0,6.165746840209436e-07,0.0007132124087543271
2900,1101.0,6.165746840209436e-07,0.0007132124087543271
2901,1101.0,6.165746840209436e-07,0.0007132124087543271
3734,1101.0,6.165746840209436e-07,0.0007132124087543271
3738,1101.0,6.165746840209436e-07,0.0007132124087543271
3745,1101.0,6.165746840209436e-07,0.0007132124087543271
3753,1101.0,6.165746840209436e-07,0.0007132124087543271
3757,1101.0,6.165746840209436e-07,0.0007132124087543271
3759,1101.0,6.165746840209436e-07,0.0007132124087543271
3761,1101.0,6.165746840209436e-07,0.0007132124087543271
3767,1101.0,6.165746840209436e-07,0.0007132124087543271
3770,1101.0,6.165746840209436e-07,0.0007132124087543271
3778,1101.0,6.165746840209436e-07,0.0007132124087543271
3781,1101.0,6.165746840209436e-07,0.0007132124087543271
3786,1101.0,6.165746840209436e-07,0.0007132124087543271
3821,1101.0,6.165746840209436e-07,0.0007132124087543271
3854,1101.0,6.165746840209436e-07,0.0007132124087543271
3885,1101.0,6.165746840209436e-07,0.0007132124087543271
3886,1101.0,6.165746840209436e-07,0.0007132124087543271
3907,1101.0,6.165746840209436e-07,0.0007132124087543271
3927,1101.0,6.165746840209436e-07,0.0007132124087543271
3951,1101.0,6.165746840209436e-07,0.0007132124087543271
3703,1101.0,6.165746840209436e-07,0.0007132124087543271
3695,1101.0,6.165746840209436e-07,0.0007132124087543271
3690,1101.0,6.165746840209436e-07,0.0007132124087543271
3618,1101.0,6.165746840209436e-07,0.0007132124087543271
3450,1101.0,6.165746840209436e-07,0.0007132124087543271
3451,1101.0,6.165746840209436e-07,0.0007132124087543271
3452,1101.0,6.165746840209436e-07,0.0007132124087543271
3455,1101.0,6.165746840209436e-07,0.0007132124087543271
3457,1101.0,6.165746840209436e-07,0.0007132124087543271
3468,1101.0,6.165746840209436e-07,0.0007132124087543271
3480,1101.0,6.165746840209436e-07,0.0007132124087543271
3608,1101.0,6.165746840209436e-07,0.0007132124087543271
3621,1101.0,6.165746840209436e-07,0.0007132124087543271
3675,1101.0,6.165746840209436e-07,0.0007132124087543271
3632,1101.0,6.165746840209436e-07,0.0007132124087543271
3639,1101.0,6.165746840209436e-07,0.0007132124087543271
3647,1101.0,6.165746840209436e-07,0.0007132124087543271
3648,1101.0,6.165746840209436e-07,0.0007132124087543271
3657,1101.0,6.165746840209436e-07,0.0007132124087543271
3658,1101.0,6.165746840209436e-07,0.0007132124087543271
3659,1101.0,6.165746840209436e-07,0.0007132124087543271
3664,1101.0,6.165746840209436e-07,0.0007132124087543271
3953,1101.0,6.165746840209436e-07,0.0007132124087543271
3963,1101.0,6.165746840209436e-07,0.0007132124087543271
3966,1101.0,6.165746840209436e-07,0.0007132124087543271
4578,1101.0,6.165746840209436e-07,0.0007132124087543271
4439,1101.0,6.165746840209436e-07,0.0007132124087543271
4441,1101.0,6.165746840209436e-07,0.0007132124087543271
4833,1101.0,6.165746840209436e-07,0.0007132124087543271
4455,1101.0,6.165746840209436e-07,0.0007132124087543271
4461,1101.0,6.165746840209436e-07,0.0007132124087543271
4499,1101.0,6.165746840209436e-07,0.0007132124087543271
4540,1101.0,6.165746840209436e-07,0.0007132124087543271
4574,1101.0,6.165746840209436e-07,0.0007132124087543271
4582,1101.0,6.165746840209436e-07,0.0007132124087543271
4428,1101.0,6.165746840209436e-07,0.0007132124087543271
4677,1101.0,6.165746840209436e-07,0.0007132124087543271
4701,1101.0,6.165746840209436e-07,0.0007132124087543271
4745,1101.0,6.165746840209436e-07,0.0007132124087543271
4782,1101.0,6.165746840209436e-07,0.0007132124087543271
4796,1101.0,6.165746840209436e-07,0.0007132124087543271
4801,1101.0,6.165746840209436e-07,0.0007132124087543271
4812,1101.0,6.165746840209436e-07,0.0007132124087543271
4823,1101.0,6.165746840209436e-07,0.0007132124087543271
4434,1101.0,6.165746840209436e-07,0.0007132124087543271
4389,1101.0,6.165746840209436e-07,0.0007132124087543271
3967,1101.0,6.165746840209436e-07,0.0007132124087543271
4205,1101.0,6.165746840209436e-07,0.0007132124087543271
3971,1101.0,6.165746840209436e-07,0.0007132124087543271
3975,1101.0,6.165746840209436e-07,0.0007132124087543271
3977,1101.0,6.165746840209436e-07,0.0007132124087543271
4002,1101.0,6.165746840209436e-07,0.0007132124087543271
4021,1101.0,6.165746840209436e-07,0.0007132124087543271
4061,1101.0,6.165746840209436e-07,0.0007132124087543271
4073,1101.0,6.165746840209436e-07,0.0007132124087543271
4080,1101.0,6.165746840209436e-07,0.0007132124087543271
4213,1101.0,6.165746840209436e-07,0.0007132124087543271
4359,1101.0,6.165746840209436e-07,0.0007132124087543271
4240,1101.0,6.165746840209436e-07,0.0007132124087543271
4253,1101.0,6.165746840209436e-07,0.0007132124087543271
4264,1101.0,6.165746840209436e-07,0.0007132124087543271
4297,1101.0,6.165746840209436e-07,0.0007132124087543271
4311,1101.0,6.165746840209436e-07,0.0007132124087543271
4312,1101.0,6.165746840209436e-07,0.0007132124087543271
4321,1101.0,6.165746840209436e-07,0.0007132124087543271
4322,1101.0,6.165746840209436e-07,0.0007132124087543271
3440,1101.0,6.165746840209436e-07,0.0007132124087543271
3401,1101.0,6.165746840209436e-07,0.0007132124087543271
3387,1101.0,6.165746840209436e-07,0.0007132124087543271
3035,1101.0,6.165746840209436e-07,0.0007132124087543271
2991,1101.0,6.165746840209436e-07,0.0007132124087543271
2996,1101.0,6.165746840209436e-07,0.0007132124087543271
3005,1101.0,6.165746840209436e-07,0.0007132124087543271
3008,1101.0,6.165746840209436e-07,0.0007132124087543271
3018,1101.0,6.165746840209436e-07,0.0007132124087543271
3025,1101.0,6.165746840209436e-07,0.0007132124087543271
3028,1101.0,6.165746840209436e-07,0.0007132124087543271
3030,1101.0,6.165746840209436e-07,0.0007132124087543271
3039,1101.0,6.165746840209436e-07,0.0007132124087543271
2977,1101.0,6.165746840209436e-07,0.0007132124087543271
3040,1101.0,6.165746840209436e-07,0.0007132124087543271
3047,1101.0,6.165746840209436e-07,0.0007132124087543271
3052,1101.0,6.165746840209436e-07,0.0007132124087543271
3055,1101.0,6.165746840209436e-07,0.0007132124087543271
3072,1101.0,6.165746840209436e-07,0.0007132124087543271
3080,1101.0,6.165746840209436e-07,0.0007132124087543271
3081,1101.0,6.165746840209436e-07,0.0007132124087543271
3089,1101.0,6.165746840209436e-07,0.0007132124087543271
2986,1101.0,6.165746840209436e-07,0.0007132124087543271
2971,1101.0,6.165746840209436e-07,0.0007132124087543271
3101,1101.0,6.165746840209436e-07,0.0007132124087543271
2927,1101.0,6.165746840209436e-07,0.0007132124087543271
2902,1101.0,6.165746840209436e-07,0.0007132124087543271
2903,1101.0,6.165746840209436e-07,0.0007132124087543271
2904,1101.0,6.165746840209436e-07,0.0007132124087543271
2905,1101.0,6.165746840209436e-07,0.0007132124087543271
2906,1101.0,6.165746840209436e-07,0.0007132124087543271
2912,1101.0,6.165746840209436e-07,0.0007132124087543271
2916,1101.0,6.165746840209436e-07,0.0007132124087543271
2918,1101.0,6.165746840209436e-07,0.0007132124087543271
2931,1101.0,6.165746840209436e-07,0.0007132124087543271
2963,1101.0,6.165746840209436e-07,0.0007132124087543271
2936,1101.0,6.165746840209436e-07,0.0007132124087543271
2939,1101.0,6.165746840209436e-07,0.0007132124087543271
2940,1101.0,6.165746840209436e-07,0.0007132124087543271
2943,1101.0,6.165746840209436e-07,0.0007132124087543271
2946,1101.0,6.165746840209436e-07,0.0007132124087543271
2951,1101.0,6.165746840209436e-07,0.0007132124087543271
2953,1101.0,6.165746840209436e-07,0.0007132124087543271
2960,1101.0,6.165746840209436e-07,0.0007132124087543271
3094,1101.0,6.165746840209436e-07,0.0007132124087543271
3110,1101.0,6.165746840209436e-07,0.0007132124087543271
3364,1101.0,6.165746840209436e-07,0.0007132124087543271
3279,1101.0,6.165746840209436e-07,0.0007132124087543271
3257,1101.0,6.165746840209436e-07,0.0007132124087543271
3258,1101.0,6.165746840209436e-07,0.0007132124087543271
3263,1101.0,6.165746840209436e-07,0.0007132124087543271
3265,1101.0,6.165746840209436e-07,0.0007132124087543271
3266,1101.0,6.165746840209436e-07,0.0007132124087543271
3267,1101.0,6.165746840209436e-07,0.0007132124087543271
3268,1101.0,6.165746840209436e-07,0.0007132124087543271
3274,1101.0,6.165746840209436e-07,0.0007132124087543271
3304,1101.0,6.165746840209436e-07,0.0007132124087543271
3237,1101.0,6.165746840209436e-07,0.0007132124087543271
3306,1101.0,6.165746840209436e-07,0.0007132124087543271
3308,1101.0,6.165746840209436e-07,0.0007132124087543271
3314,1101.0,6.165746840209436e-07,0.0007132124087543271
3322,1101.0,6.165746840209436e-07,0.0007132124087543271
3326,1101.0,6.165746840209436e-07,0.0007132124087543271
3330,1101.0,6.165746840209436e-07,0.0007132124087543271
3334,1101.0,6.165746840209436e-07,0.0007132124087543271
3342,1101.0,6.165746840209436e-07,0.0007132124087543271
3246,1101.0,6.165746840209436e-07,0.0007132124087543271
3230,1101.0,6.165746840209436e-07,0.0007132124087543271
3124,1101.0,6.165746840209436e-07,0.0007132124087543271
3162,1101.0,6.165746840209436e-07,0.0007132124087543271
3125,1101.0,6.165746840209436e-07,0.0007132124087543271
3130,1101.0,6.165746840209436e-07,0.0007132124087543271
3139,1101.0,6.165746840209436e-07,0.0007132124087543271
3141,1101.0,6.165746840209436e-07,0.0007132124087543271
3148,1101.0,6.165746840209436e-07,0.0007132124087543271
3149,1101.0,6.165746840209436e-07,0.0007132124087543271
3150,1101.0,6.165746840209436e-07,0.0007132124087543271
3155,1101.0,6.165746840209436e-07,0.0007132124087543271
3163,1101.0,6.165746840209436e-07,0.0007132124087543271
3229,1101.0,6.165746840209436e-07,0.0007132124087543271
3173,1101.0,6.165746840209436e-07,0.0007132124087543271
3192,1101.0,6.165746840209436e-07,0.0007132124087543271
3194,1101.0,6.165746840209436e-07,0.0007132124087543271
3196,1101.0,6.165746840209436e-07,0.0007132124087543271
3200,1101.0,6.165746840209436e-07,0.0007132124087543271
3222,1101.0,6.165746840209436e-07,0.0007132124087543271
3226,1101.0,6.165746840209436e-07,0.0007132124087543271
3228,1101.0,6.165746840209436e-07,0.0007132124087543271
552,1101.0,6.165746840209436e-07,0.0007132124087543271
14645,504.0,0.0019518930656773764,0.0009495353845702605
13445,498.0,0.00011603184673819992,0.0007675350237678348
22688,486.0,6.443638740321555e-05,0.0007358105794006533
9382,482.0,0.00011483733593567744,0.0007520989777038416
14400,482.0,0.00011483733593567744,0.0007520989777038416
12276,481.0,6.443638740321555e-05,0.0007349487683579471
12518,481.0,6.443638740321555e-05,0.0007349487683579471
19837,481.0,6.443638740321555e-05,0.0007349487683579471
13026,477.0,0.00011603184673819992,0.0007459943522608054
9380,477.0,0.00011603184673819992,0.0007459943522608054
22669,477.0,6.443638740321555e-05,0.0007297275985378888
12288,476.0,6.443638740321555e-05,0.0007284331896444548
12267,476.0,6.443638740321555e-05,0.0007284331896444548
6940,471.0,6.443638740321555e-05,0.0007201581151548241
6996,470.0,6.443638740321555e-05,0.0007194302190503268
20019,470.0,6.443638740321555e-05,0.0007205887830734038
20014,469.0,6.443638740321555e-05,0.0007192828556761687
13446,467.0,6.443638740321555e-05,0.0007166853085989528
22693,467.0,6.443638740321555e-05,0.0007166757245155981
23067,466.0,6.443638740321555e-05,0.0007153697865145737
22899,466.0,6.443638740321555e-05,0.0007153697865145737
22991,466.0,6.443638740321555e-05,0.0007153697865145737
22990,466.0,6.443638740321555e-05,0.0007153697865145737
22987,466.0,6.443638740321555e-05,0.0007153697865145737
22965,466.0,6.443638740321555e-05,0.0007153697865145737
22945,466.0,6.443638740321555e-05,0.0007153697865145737
22888,466.0,6.443638740321555e-05,0.0007153697865145737
22895,466.0,6.443638740321555e-05,0.0007153697865145737
22994,466.0,6.443638740321555e-05,0.0007153697865145737
22838,466.0,6.443638740321555e-05,0.0007153697865145737
22791,466.0,6.443638740321555e-05,0.0007153697865145737
22786,466.0,6.443638740321555e-05,0.0007153697865145737
23311,466.0,6.443638740321555e-05,0.0007153697865145737
22775,466.0,6.443638740321555e-05,0.0007153697865145737
22993,466.0,6.443638740321555e-05,0.0007153697865145737
22996,466.0,6.443638740321555e-05,0.0007153697865145737
22995,466.0,6.443638740321555e-05,0.0007153697865145737
23068,466.0,6.443638740321555e-05,0.0007153697865145737
23065,466.0,6.443638740321555e-05,0.0007153697865145737
23036,466.0,6.443638740321555e-05,0.0007153697865145737
23020,466.0,6.443638740321555e-05,0.0007153697865145737
23014,466.0,6.443638740321555e-05,0.0007153697865145737
23013,466.0,6.443638740321555e-05,0.0007153697865145737
23011,466.0,6.443638740321555e-05,0.0007153697865145737
23126,466.0,6.443638740321555e-05,0.0007153697865145737
23009,466.0,6.443638740321555e-05,0.0007153697865145737
23007,466.0,6.443638740321555e-05,0.0007153697865145737
23131,466.0,6.443638740321555e-05,0.0007153697865145737
23005,466.0,6.443638740321555e-05,0.0007153697865145737
23004,466.0,6.443638740321555e-05,0.0007153697865145737
23003,466.0,6.443638740321555e-05,0.0007153697865145737
23001,466.0,6.443638740321555e-05,0.0007153697865145737
22999,466.0,6.443638740321555e-05,0.0007153697865145737
23006,466.0,6.443638740321555e-05,0.0007153697865145737
23000,466.0,6.443638740321555e-05,0.0007153697865145737
22771,466.0,6.443638740321555e-05,0.0007153697865145737
22747,466.0,6.443638740321555e-05,0.0007153697865145737
20015,466.0,6.443638740321555e-05,0.0007153697865145737
19871,466.0,6.443638740321555e-05,0.0007153697865145737
18534,466.0,6.443638740321555e-05,0.0007153697865145737
14588,466.0,6.443638740321555e-05,0.0007153697865145737
14495,466.0,6.443638740321555e-05,0.0007153697865145737
14401,466.0,6.443638740321555e-05,0.0007153697865145737
14162,466.0,6.443638740321555e-05,0.0007153697865145737
13716,466.0,6.443638740321555e-05,0.0007153697865145737
13662,466.0,6.443638740321555e-05,0.0007153697865145737
13521,466.0,6.443638740321555e-05,0.0007153697865145737
13447,466.0,6.443638740321555e-05,0.0007153697865145737
13427,466.0,6.443638740321555e-05,0.0007153697865145737
13025,466.0,6.443638740321555e-05,0.0007153697865145737
11614,466.0,6.443638740321555e-05,0.0007153697865145737
10311,466.0,6.443638740321555e-05,0.0007153697865145737
9750,466.0,6.443638740321555e-05,0.0007153697865145737
9699,466.0,6.443638740321555e-05,0.0007153697865145737
20016,466.0,6.443638740321555e-05,0.0007153697865145737
20018,466.0,6.443638740321555e-05,0.0007153697865145737
20020,466.0,6.443638740321555e-05,0.0007153697865145737
22673,466.0,6.443638740321555e-05,0.0007153697865145737
22733,466.0,6.443638740321555e-05,0.0007153697865145737
22717,466.0,6.443638740321555e-05,0.0007153697865145737
22715,466.0,6.443638740321555e-05,0.0007153697865145737
23606,466.0,6.443638740321555e-05,0.0007153697865145737
22691,466.0,6.443638740321555e-05,0.0007153697865145737
22687,466.0,6.443638740321555e-05,0.0007153697865145737
22674,466.0,6.443638740321555e-05,0.0007153697865145737
22640,466.0,6.443638740321555e-05,0.0007153697865145737
20021,466.0,6.443638740321555e-05,0.0007153697865145737
22628,466.0,6.443638740321555e-05,0.0007153697865145737
22602,466.0,6.443638740321555e-05,0.0007153697865145737
22601,466.0,6.443638740321555e-05,0.0007153697865145737
20029,466.0,6.443638740321555e-05,0.0007153697865145737
20024,466.0,6.443638740321555e-05,0.0007153697865145737
20023,466.0,6.443638740321555e-05,0.0007153697865145737
20022,466.0,6.443638740321555e-05,0.0007153697865145737
23419,466.0,6.443638740321555e-05,0.0007153697865145737
23019,466.0,6.443638740321555e-05,0.0007153697865145737
6809,466.0,6.443638740321555e-05,0.0007153697865145737
9377,347.0,0.0001245819241803511,0.000561377458652778
10307,342.0,0.00012521073240013216,0.0005553205246140757
11277,342.0,0.0006339412574052909,0.000619758285374925
9402,336.0,2.3946805262137703e-05,0.0005308142159819992
10304,336.0,2.3946805262137703e-05,0.0005308142159819992
15681,333.0,2.495694945795706e-05,0.0005260861604032197
23059,332.0,0.0013854638542259404,0.0006131204362099397
22979,332.0,0.001385463854225941,0.0006131204362099397
23667,331.0,2.4989894767862576e-05,0.0005247304320279275
22763,331.0,2.4989894767862576e-05,0.0005247304320279275
22748,331.0,2.4989894767862576e-05,0.0005247304320279275
3337,331.0,2.4989894767862576e-05,0.0005247304320279275
2445,331.0,2.4989894767862576e-05,0.0005247304320279275
2433,331.0,2.4989894767862576e-05,0.0005247304320279275
22696,331.0,2.4989894767862576e-05,0.0005247304320279275
22662,331.0,2.4989894767862576e-05,0.0005247304320279275
22675,331.0,2.4989894767862576e-05,0.0005247304320279275
22670,331.0,2.4989894767862576e-05,0.0005247304320279275
26345,331.0,2.4989894767862576e-05,0.0005247304320279275
22639,331.0,2.4989894767862576e-05,0.0005247304320279275
22634,331.0,2.4989894767862576e-05,0.0005247304320279275
22629,331.0,2.4989894767862576e-05,0.0005247304320279275
22610,331.0,2.4989894767862576e-05,0.0005247304320279275
22599,331.0,2.4989894767862576e-05,0.0005247304320279275
22598,331.0,2.4989894767862576e-05,0.0005247304320279275
22594,331.0,2.4989894767862576e-05,0.0005247304320279275
9383,331.0,2.4989894767862576e-05,0.0005247304320279275
22831,331.0,2.4989894767862576e-05,0.0005247304320279275
22798,331.0,2.4989894767862576e-05,0.0005247304320279275
22830,331.0,2.4989894767862576e-05,0.0005247304320279275
22912,331.0,2.4989894767862576e-05,0.0005247304320279275
22911,331.0,2.4989894767862576e-05,0.0005247304320279275
24199,331.0,2.4989894767862576e-05,0.0005247304320279275
22896,331.0,2.4989894767862576e-05,0.0005247304320279275
24200,331.0,2.4989894767862576e-05,0.0005247304320279275
22890,331.0,2.4989894767862576e-05,0.0005247304320279275
25255,331.0,2.4989894767862576e-05,0.0005247304320279275
22887,331.0,2.4989894767862576e-05,0.0005247304320279275
22880,331.0,2.4989894767862576e-05,0.0005247304320279275
22879,331.0,2.4989894767862576e-05,0.0005247304320279275
22877,331.0,2.4989894767862576e-05,0.0005247304320279275
22876,331.0,2.4989894767862576e-05,0.0005247304320279275
22875,331.0,2.4989894767862576e-05,0.0005247304320279275
22874,331.0,2.4989894767862576e-05,0.0005247304320279275
22870,331.0,2.4989894767862576e-05,0.0005247304320279275
22864,331.0,2.4989894767862576e-05,0.0005247304320279275
23665,331.0,2.4989894767862576e-05,0.0005247304320279275
22862,331.0,2.4989894767862576e-05,0.0005247304320279275
22861,331.0,2.4989894767862576e-05,0.0005247304320279275
25477,331.0,2.4989894767862576e-05,0.0005247304320279275
22590,331.0,2.4989894767862576e-05,0.0005247304320279275
22592,331.0,2.4989894767862576e-05,0.0005247304320279275
20017,331.0,2.4989894767862576e-05,0.0005247304320279275
22588,331.0,2.4989894767862576e-05,0.0005247304320279275
13963,331.0,2.4989894767862576e-05,0.0005247304320279275
13951,331.0,2.4989894767862576e-05,0.0005247304320279275
13950,331.0,2.4989894767862576e-05,0.0005247304320279275
13947,331.0,2.4989894767862576e-05,0.0005247304320279275
13945,331.0,2.4989894767862576e-05,0.0005247304320279275
13943,331.0,2.4989894767862576e-05,0.0005247304320279275
13827,331.0,2.4989894767862576e-05,0.0005247304320279275
13685,331.0,2.4989894767862576e-05,0.0005247304320279275
13683,331.0,2.4989894767862576e-05,0.0005247304320279275
13458,331.0,2.4989894767862576e-05,0.0005247304320279275
13443,331.0,2.4989894767862576e-05,0.0005247304320279275
13431,331.0,2.4989894767862576e-05,0.0005247304320279275
13429,331.0,2.4989894767862576e-05,0.0005247304320279275
13428,331.0,2.4989894767862576e-05,0.0005247304320279275
10306,331.0,2.4989894767862576e-05,0.0005247304320279275
10289,331.0,2.4989894767862576e-05,0.0005247304320279275
9675,331.0,2.4989894767862576e-05,0.0005247304320279275
9670,331.0,2.4989894767862576e-05,0.0005247304320279275
9669,331.0,2.4989894767862576e-05,0.0005247304320279275
9662,331.0,2.4989894767862576e-05,0.0005247304320279275
9644,331.0,2.4989894767862576e-05,0.0005247304320279275
9637,331.0,2.4989894767862576e-05,0.0005247304320279275
13962,331.0,2.4989894767862576e-05,0.0005247304320279275
13965,331.0,2.4989894767862576e-05,0.0005247304320279275
21145,331.0,2.4989894767862576e-05,0.0005247304320279275
13966,331.0,2.4989894767862576e-05,0.0005247304320279275
22930,331.0,2.4989894767862576e-05,0.0005247304320279275
19897,331.0,2.4989894767862576e-05,0.0005247304320279275
19297,331.0,2.4989894767862576e-05,0.0005247304320279275
19124,331.0,2.4989894767862576e-05,0.0005247304320279275
17067,331.0,2.4989894767862576e-05,0.0005247304320279275
16310,331.0,2.4989894767862576e-05,0.0005247304320279275
16275,331.0,2.4989894767862576e-05,0.0005247304320279275
16272,331.0,2.4989894767862576e-05,0.0005247304320279275
16233,331.0,2.4989894767862576e-05,0.0005247304320279275
16001,331.0,2.4989894767862576e-05,0.0005247304320279275
15718,331.0,2.4989894767862576e-05,0.0005247304320279275
15410,331.0,2.4989894767862576e-05,0.0005247304320279275
15408,331.0,2.4989894767862576e-05,0.0005247304320279275
15407,331.0,2.4989894767862576e-05,0.0005247304320279275
15137,331.0,2.4989894767862576e-05,0.0005247304320279275
14438,331.0,2.4989894767862576e-05,0.0005247304320279275
14399,331.0,2.4989894767862576e-05,0.0005247304320279275
14024,331.0,2.4989894767862576e-05,0.0005247304320279275
14021,331.0,2.4989894767862576e-05,0.0005247304320279275
13992,331.0,2.4989894767862576e-05,0.0005247304320279275
13967,331.0,2.4989894767862576e-05,0.0005247304320279275
22923,331.0,2.4989894767862576e-05,0.0005247304320279275
22863,331.0,2.4989894767862576e-05,0.0005247304320279275
22931,331.0,2.4989894767862576e-05,0.0005247304320279275
23173,331.0,2.4989894767862576e-05,0.0005247304320279275
23330,331.0,2.4989894767862576e-05,0.0005247304320279275
23329,331.0,2.4989894767862576e-05,0.0005247304320279275
23922,331.0,2.4989894767862576e-05,0.0005247304320279275
23199,331.0,2.4989894767862576e-05,0.0005247304320279275
23195,331.0,2.4989894767862576e-05,0.0005247304320279275
23182,331.0,2.4989894767862576e-05,0.0005247304320279275
23181,331.0,2.4989894767862576e-05,0.0005247304320279275
23179,331.0,2.4989894767862576e-05,0.0005247304320279275
23178,331.0,2.4989894767862576e-05,0.0005247304320279275
23176,331.0,2.4989894767862576e-05,0.0005247304320279275
23174,331.0,2.4989894767862576e-05,0.0005247304320279275
23172,331.0,2.4989894767862576e-05,0.0005247304320279275
23121,331.0,2.4989894767862576e-05,0.0005247304320279275
23171,331.0,2.4989894767862576e-05,0.0005247304320279275
23170,331.0,2.4989894767862576e-05,0.0005247304320279275
23169,331.0,2.4989894767862576e-05,0.0005247304320279275
23168,331.0,2.4989894767862576e-05,0.0005247304320279275
23167,331.0,2.4989894767862576e-05,0.0005247304320279275
23166,331.0,2.4989894767862576e-05,0.0005247304320279275
23150,331.0,2.4989894767862576e-05,0.0005247304320279275
23149,331.0,2.4989894767862576e-05,0.0005247304320279275
22932,331.0,2.4989894767862576e-05,0.0005247304320279275
23923,331.0,2.4989894767862576e-05,0.0005247304320279275
23127,331.0,2.4989894767862576e-05,0.0005247304320279275
23331,331.0,2.4989894767862576e-05,0.0005247304320279275
23670,331.0,2.4989894767862576e-05,0.0005247304320279275
23469,331.0,2.4989894767862576e-05,0.0005247304320279275
23476,331.0,2.4989894767862576e-05,0.0005247304320279275
23664,331.0,2.4989894767862576e-05,0.0005247304320279275
23657,331.0,2.4989894767862576e-05,0.0005247304320279275
23644,331.0,2.4989894767862576e-05,0.0005247304320279275
23643,331.0,2.4989894767862576e-05,0.0005247304320279275
23668,331.0,2.4989894767862576e-05,0.0005247304320279275
23589,331.0,2.4989894767862576e-05,0.0005247304320279275
23588,331.0,2.4989894767862576e-05,0.0005247304320279275
23587,331.0,2.4989894767862576e-05,0.0005247304320279275
23578,331.0,2.4989894767862576e-05,0.0005247304320279275
23577,331.0,2.4989894767862576e-05,0.0005247304320279275
23574,331.0,2.4989894767862576e-05,0.0005247304320279275
23573,331.0,2.4989894767862576e-05,0.0005247304320279275
23572,331.0,2.4989894767862576e-05,0.0005247304320279275
23571,331.0,2.4989894767862576e-05,0.0005247304320279275
23570,331.0,2.4989894767862576e-05,0.0005247304320279275
23568,331.0,2.4989894767862576e-05,0.0005247304320279275
23564,331.0,2.4989894767862576e-05,0.0005247304320279275
23548,331.0,2.4989894767862576e-05,0.0005247304320279275
23532,331.0,2.4989894767862576e-05,0.0005247304320279275
23484,331.0,2.4989894767862576e-05,0.0005247304320279275
23483,331.0,2.4989894767862576e-05,0.0005247304320279275
23482,331.0,2.4989894767862576e-05,0.0005247304320279275
23481,331.0,2.4989894767862576e-05,0.0005247304320279275
23924,331.0,2.4989894767862576e-05,0.0005247304320279275
23148,331.0,2.4989894767862576e-05,0.0005247304320279275
23926,331.0,2.4989894767862576e-05,0.0005247304320279275
23045,331.0,2.4989894767862576e-05,0.0005247304320279275
23043,331.0,2.4989894767862576e-05,0.0005247304320279275
23927,331.0,2.4989894767862576e-05,0.0005247304320279275
23034,331.0,2.4989894767862576e-05,0.0005247304320279275
23932,331.0,2.4989894767862576e-05,0.0005247304320279275
23933,331.0,2.4989894767862576e-05,0.0005247304320279275
23957,331.0,2.4989894767862576e-05,0.0005247304320279275
23958,331.0,2.4989894767862576e-05,0.0005247304320279275
23961,331.0,2.4989894767862576e-05,0.0005247304320279275
23964,331.0,2.4989894767862576e-05,0.0005247304320279275
23966,331.0,2.4989894767862576e-05,0.0005247304320279275
23973,331.0,2.4989894767862576e-05,0.0005247304320279275
23999,331.0,2.4989894767862576e-05,0.0005247304320279275
24003,331.0,2.4989894767862576e-05,0.0005247304320279275
24061,331.0,2.4989894767862576e-05,0.0005247304320279275
24078,331.0,2.4989894767862576e-05,0.0005247304320279275
22998,331.0,2.4989894767862576e-05,0.0005247304320279275
24079,331.0,2.4989894767862576e-05,0.0005247304320279275
24080,331.0,2.4989894767862576e-05,0.0005247304320279275
24100,331.0,2.4989894767862576e-05,0.0005247304320279275
24138,331.0,2.4989894767862576e-05,0.0005247304320279275
24139,331.0,2.4989894767862576e-05,0.0005247304320279275
24140,331.0,2.4989894767862576e-05,0.0005247304320279275
24163,331.0,2.4989894767862576e-05,0.0005247304320279275
22986,331.0,2.4989894767862576e-05,0.0005247304320279275
22977,331.0,2.4989894767862576e-05,0.0005247304320279275
22969,331.0,2.4989894767862576e-05,0.0005247304320279275
24171,331.0,2.4989894767862576e-05,0.0005247304320279275
24198,331.0,2.4989894767862576e-05,0.0005247304320279275
22938,331.0,2.4989894767862576e-05,0.0005247304320279275
23044,331.0,2.4989894767862576e-05,0.0005247304320279275
23929,331.0,2.4989894767862576e-05,0.0005247304320279275
9621,331.0,2.4989894767862576e-05,0.0005247304320279275
23046,331.0,2.4989894767862576e-05,0.0005247304320279275
23058,331.0,2.4989894767862576e-05,0.0005247304320279275
23060,331.0,2.4989894767862576e-05,0.0005247304320279275
23054,331.0,2.4989894767862576e-05,0.0005247304320279275
23053,331.0,2.4989894767862576e-05,0.0005247304320279275
23052,331.0,2.4989894767862576e-05,0.0005247304320279275
23047,331.0,2.4989894767862576e-05,0.0005247304320279275
23051,331.0,2.4989894767862576e-05,0.0005247304320279275
23928,331.0,2.4989894767862576e-05,0.0005247304320279275
23017,146.0,0.00019613685096395248,0.00038682721534521265
22992,146.0,0.00019613685096395248,0.00038682721534521265
23012,146.0,0.00019613685096395248,0.00038682721534521265
22665,135.0,2.514151932158271e-05,0.0002927277327401656
22761,135.0,2.514151932158271e-05,0.0002927277327401656
22604,135.0,2.514151932158271e-05,0.0002927277327401656
22785,135.0,2.514151932158271e-05,0.0002927277327401656
23656,135.0,2.514151932158271e-05,0.0002927277327401656
22783,135.0,2.514151932158271e-05,0.0002927277327401656
22631,135.0,2.514151932158271e-05,0.0002927277327401656
22682,135.0,2.514151932158271e-05,0.0002927277327401656
22660,135.0,2.514151932158271e-05,0.0002927277327401656
22744,135.0,2.514151932158271e-05,0.0002927277327401656
22596,135.0,2.514151932158271e-05,0.0002927277327401656
22661,135.0,2.514151932158271e-05,0.0002927277327401656
22743,135.0,2.514151932158271e-05,0.0002927277327401656
22988,135.0,2.514151932158271e-05,0.0002927277327401656
23132,135.0,2.514151932158271e-05,0.0002927277327401656
23160,135.0,2.514151932158271e-05,0.0002927277327401656
22595,135.0,2.514151932158271e-05,0.0002927277327401656
23010,135.0,2.514151932158271e-05,0.0002927277327401656
22997,135.0,2.514151932158271e-05,0.0002927277327401656
10281,135.0,2.514151932158271e-05,0.0002927277327401656
19841,135.0,2.514151932158271e-05,0.0002927277327401656
21548,135.0,2.514151932158271e-05,0.0002927277327401656
21963,135.0,2.514151932158271e-05,0.0002927277327401656
23008,135.0,2.514151932158271e-05,0.0002927277327401656
22582,135.0,2.514151932158271e-05,0.0002927277327401656
23015,135.0,2.514151932158271e-05,0.0002927277327401656
22989,135.0,2.514151932158271e-05,0.0002927277327401656
23018,135.0,2.514151932158271e-05,0.0002927277327401656
22721,16.0,0.0,0.0001283688925499773
23569,11.0,1.1202084255807178e-06,0.00018512354851927
23925,11.0,1.1202084255807178e-06,0.00018512354851927
24000,11.0,1.1202084255807178e-06,0.00018512354851927
23183,11.0,1.1202084255807178e-06,0.00018512354851927
22924,11.0,1.1202084255807178e-06,0.00018512354851927
14025,11.0,1.1202084255807178e-06,0.00018512354851927
10297,11.0,5.628247587257472e-07,0.0001250124170881763
13639,11.0,5.628247587257472e-07,0.0001250124170881763
13633,9.0,0.0,0.00043307551562194265
200,9.0,0.0,0.00043307551562194265
1380,9.0,0.0,0.00043307551562194265
1378,9.0,0.0,0.00043307551562194265
1,9.0,0.0,0.00043307551562194265
2,9.0,0.0,0.00043307551562194265
3,9.0,0.0,0.00043307551562194265
100,9.0,0.0,0.00043307551562194265
182,9.0,0.0,0.00043307551562194265
25459,7.0,0.0,0.0006844626967830253
25461,7.0,0.0,0.0006844626967830253
25462,7.0,0.0,0.0006844626967830253
25463,7.0,0.0,0.0006844626967830253
25464,7.0,0.0,0.0006844626967830253
25465,7.0,0.0,0.0006844626967830253
25466,7.0,0.0,0.0006844626967830253
25460,7.0,0.0,0.0006844626967830253
23016,1.0,0.0,0.00010424378242255041
11010,1.0,0.0,0.0006844626967830253
10110,1.0,0.0,0.0006844626967830253
23077,1.0,0.0,0.00010424378242255041
